Open,High,Low,Close,Adj Close,Volume
8.100000381469727,8.100000381469727,6.0,6.0,6.0,5600
5.5,5.5,5.0,5.0,5.0,11100
5.699999809265137,6.75,5.019999980926514,5.349999904632568,5.349999904632568,8600
5.800000190734863,8.0,5.400000095367432,7.0,7.0,15100
7.650000095367432,9.149999618530273,7.650000095367432,8.699999809265137,8.699999809265137,25400
8.390000343322754,8.524999618530273,6.375,6.375,6.375,11100
7.289999961853027,8.390000343322754,6.25,6.324999809265137,6.324999809265137,29100
6.275000095367432,6.349999904632568,5.0,5.0,5.0,7700
6.0,6.449999809265137,6.0,6.199999809265137,6.199999809265137,12900
6.159999847412109,6.449999809265137,6.105000019073486,6.449999809265137,6.449999809265137,1800
6.324999809265137,7.900000095367432,6.324999809265137,6.675000190734863,6.675000190734863,8000
6.699999809265137,7.199999809265137,5.710000038146973,5.710000038146973,5.710000038146973,21800
6.199999809265137,6.75,6.199999809265137,6.449999809265137,6.449999809265137,1900
6.349999904632568,6.349999904632568,6.224999904632568,6.224999904632568,6.224999904632568,1900
6.195000171661377,6.289999961853027,6.195000171661377,6.289999961853027,6.289999961853027,700
6.28000020980835,6.300000190734863,6.099999904632568,6.28000020980835,6.28000020980835,2700
6.099999904632568,6.199999809265137,5.650000095367432,5.849999904632568,5.849999904632568,4600
6.210000038146973,6.239999771118164,5.965000152587891,6.050000190734863,6.050000190734863,11700
6.150000095367432,6.150000095367432,5.840000152587891,5.840000152587891,5.840000152587891,1800
5.900000095367432,6.0,5.889999866485596,6.0,6.0,7400
7.0,7.0,5.610000133514404,5.829999923706055,5.829999923706055,13400
5.849999904632568,5.949999809265137,5.760000228881836,5.760000228881836,5.760000228881836,23100
5.730000019073486,6.300000190734863,5.599999904632568,5.599999904632568,5.599999904632568,6900
5.550000190734863,5.885000228881836,5.485000133514404,5.5,5.5,4700
5.480000019073486,5.724999904632568,5.46999979019165,5.699999809265137,5.699999809265137,8500
5.610000133514404,5.760000228881836,5.610000133514404,5.699999809265137,5.699999809265137,1400
5.699999809265137,5.699999809265137,5.699999809265137,5.699999809265137,5.699999809265137,0
5.84499979019165,6.0,5.610000133514404,5.775000095367432,5.775000095367432,5900
6.800000190734863,6.849999904632568,5.699999809265137,5.900000095367432,5.900000095367432,9500
6.150000095367432,6.190000057220459,5.909999847412109,6.0,6.0,7100
6.099999904632568,6.28000020980835,6.050000190734863,6.150000095367432,6.150000095367432,2600
5.989999771118164,5.989999771118164,5.900000095367432,5.980000019073486,5.980000019073486,3100
5.960000038146973,5.96999979019165,5.909999847412109,5.96999979019165,5.96999979019165,900
5.929999828338623,5.96999979019165,5.599999904632568,5.96999979019165,5.96999979019165,5100
6.0,6.420000076293945,5.480000019073486,6.0,6.0,2500
5.875,6.039999961853027,5.875,5.949999809265137,5.949999809265137,4500
6.03000020980835,6.03000020980835,5.900000095367432,5.945000171661377,5.945000171661377,1000
6.0,6.019999980926514,5.599999904632568,6.019999980926514,6.019999980926514,5100
6.449999809265137,6.449999809265137,5.980000019073486,6.059999942779541,6.059999942779541,15600
6.045000076293945,6.045000076293945,6.010000228881836,6.014999866485596,6.014999866485596,1900
5.940000057220459,5.940000057220459,5.53000020980835,5.53000020980835,5.53000020980835,8400
5.53000020980835,5.900000095367432,5.53000020980835,5.900000095367432,5.900000095367432,1100
6.0,6.210000038146973,5.974999904632568,6.210000038146973,6.210000038146973,15700
6.21999979019165,6.289999961853027,6.010000228881836,6.289999961853027,6.289999961853027,5200
6.349999904632568,6.369999885559082,6.019999980926514,6.329999923706055,6.329999923706055,2700
6.050000190734863,6.295000076293945,6.050000190734863,6.199999809265137,6.199999809265137,11000
6.199999809265137,6.239999771118164,6.175000190734863,6.175000190734863,6.175000190734863,6900
6.239999771118164,6.510000228881836,6.239999771118164,6.329999923706055,6.329999923706055,16700
6.315000057220459,6.599999904632568,6.25,6.474999904632568,6.474999904632568,4400
6.474999904632568,7.050000190734863,6.474999904632568,6.929999828338623,6.929999828338623,22400
6.965000152587891,7.449999809265137,6.949999809265137,7.260000228881836,7.260000228881836,27900
7.21999979019165,7.550000190734863,7.21999979019165,7.21999979019165,7.21999979019165,17800
7.230000019073486,7.920000076293945,7.230000019073486,7.525000095367432,7.525000095367432,31100
7.550000190734863,8.5,7.349999904632568,7.880000114440918,7.880000114440918,68000
8.149999618530273,8.350000381469727,8.050000190734863,8.300000190734863,8.300000190734863,44700
8.380000114440918,8.380000114440918,8.149999618530273,8.199999809265137,8.199999809265137,45500
8.149999618530273,8.210000038146973,7.699999809265137,8.0649995803833,8.0649995803833,36600
8.1899995803833,8.399999618530273,7.75,8.399999618530273,8.399999618530273,28200
8.399999618530273,8.425000190734863,8.220000267028809,8.420000076293945,8.420000076293945,10100
8.369999885559082,8.380000114440918,8.010000228881836,8.300000190734863,8.300000190734863,12900
8.34000015258789,8.345000267028809,8.149999618530273,8.260000228881836,8.260000228881836,8900
8.319999694824219,8.34000015258789,8.104999542236328,8.15999984741211,8.15999984741211,11000
8.15999984741211,8.199999809265137,7.855000019073486,7.900000095367432,7.900000095367432,18600
7.929999828338623,7.989999771118164,7.510000228881836,7.599999904632568,7.599999904632568,10800
7.599999904632568,8.199999809265137,7.599999904632568,8.164999961853027,8.164999961853027,13300
8.15999984741211,8.15999984741211,7.599999904632568,7.989999771118164,7.989999771118164,5100
8.149999618530273,8.234999656677246,7.599999904632568,7.989999771118164,7.989999771118164,10300
7.949999809265137,7.949999809265137,7.599999904632568,7.929999828338623,7.929999828338623,4800
7.96999979019165,8.239999771118164,7.550000190734863,7.980000019073486,7.980000019073486,3800
8.289999961853027,8.289999961853027,7.639999866485596,8.09000015258789,8.09000015258789,9000
7.630000114440918,8.039999961853027,7.5,7.800000190734863,7.800000190734863,7300
7.389999866485596,7.389999866485596,6.599999904632568,6.599999904632568,6.599999904632568,21800
7.09499979019165,7.349999904632568,6.610000133514404,6.875,6.875,2700
6.875,6.96999979019165,6.300000190734863,6.570000171661377,6.570000171661377,7600
6.485000133514404,6.5,4.699999809265137,5.5,5.5,18700
5.5,5.5,3.5,5.199999809265137,5.199999809265137,10400
5.125,5.125,4.699999809265137,4.949999809265137,4.949999809265137,4500
4.940000057220459,4.949999809265137,4.599999904632568,4.875,4.875,5200
4.869999885559082,4.869999885559082,4.25,4.269999980926514,4.269999980926514,3100
4.449999809265137,5.130000114440918,4.289999961853027,5.099999904632568,5.099999904632568,14700
5.130000114440918,5.550000190734863,3.5,5.550000190734863,5.550000190734863,11200
5.550000190734863,6.0,5.300000190734863,5.820000171661377,5.820000171661377,1800
5.820000171661377,5.889999866485596,5.75,5.849999904632568,5.849999904632568,1100
5.75,6.199999809265137,4.949999809265137,5.449999809265137,5.449999809265137,27800
4.940000057220459,6.215000152587891,4.909999847412109,5.099999904632568,5.099999904632568,11500
5.119999885559082,6.369999885559082,4.199999809265137,4.800000190734863,4.800000190734863,21000
4.550000190734863,4.599999904632568,4.099999904632568,4.199999809265137,4.199999809265137,12500
4.150000095367432,4.599999904632568,4.0,4.150000095367432,4.150000095367432,16400
4.324999809265137,4.324999809265137,3.549999952316284,3.619999885559082,3.619999885559082,22000
4.074999809265137,5.550000190734863,3.859999895095825,4.125999927520752,4.125999927520752,15500
4.179999828338623,4.739999771118164,4.150000095367432,4.739999771118164,4.739999771118164,4300
4.739999771118164,4.940000057220459,4.360000133514404,4.550000190734863,4.550000190734863,10700
4.849999904632568,4.849999904632568,4.360000133514404,4.699999809265137,4.699999809265137,13100
4.690000057220459,5.5,4.485000133514404,5.039999961853027,5.039999961853027,10900
5.130000114440918,5.849999904632568,5.099999904632568,5.84499979019165,5.84499979019165,10100
5.710000038146973,6.199999809265137,5.25,6.150000095367432,6.150000095367432,19200
6.25,7.0,5.114999771118164,6.5,6.5,16500
6.539999961853027,6.880000114440918,6.199999809265137,6.230000019073486,6.230000019073486,33900
6.150000095367432,6.5,6.150000095367432,6.260000228881836,6.260000228881836,14000
6.25,7.0,6.0,6.489999771118164,6.489999771118164,22100
6.5,6.5,6.010000228881836,6.050000190734863,6.050000190734863,19200
6.0,6.0,5.230000019073486,5.610000133514404,5.610000133514404,13100
5.679999828338623,5.824999809265137,5.650000095367432,5.690000057220459,5.690000057220459,12100
5.739999771118164,6.179999828338623,5.610000133514404,6.0,6.0,30200
5.900000095367432,6.190000057220459,5.900000095367432,5.989999771118164,5.989999771118164,14400
6.190000057220459,6.480000019073486,6.050000190734863,6.199999809265137,6.199999809265137,27500
6.269999980926514,6.269999980926514,5.710000038146973,5.860000133514404,5.860000133514404,19700
6.175000190734863,7.139999866485596,6.005000114440918,6.980000019073486,6.980000019073486,70200
7.059999942779541,7.090000152587891,6.699999809265137,6.96999979019165,6.96999979019165,28400
6.980000019073486,6.980000019073486,6.550000190734863,6.800000190734863,6.800000190734863,17100
6.949999809265137,6.989999771118164,6.840000152587891,6.900000095367432,6.900000095367432,31300
7.0,7.019999980926514,6.400000095367432,6.75,6.75,41800
6.96999979019165,6.96999979019165,6.0,6.0,6.0,80800
6.300000190734863,6.980000019073486,6.199999809265137,6.800000190734863,6.800000190734863,189300
7.170000076293945,7.400000095367432,6.900000095367432,7.28000020980835,7.28000020980835,74900
7.0,7.0,6.320000171661377,6.900000095367432,6.900000095367432,36100
6.900000095367432,7.260000228881836,6.795000076293945,7.039999961853027,7.039999961853027,27800
7.099999904632568,7.590000152587891,7.079999923706055,7.269999980926514,7.269999980926514,27900
7.5,7.789999961853027,7.324999809265137,7.690000057220459,7.690000057220459,33700
7.75,7.800000190734863,7.159999847412109,7.159999847412109,7.159999847412109,60700
7.300000190734863,7.75,7.21999979019165,7.375,7.375,20700
7.389999866485596,7.610000133514404,7.309999942779541,7.510000228881836,7.510000228881836,30900
7.590000152587891,7.599999904632568,7.25,7.389999866485596,7.389999866485596,31500
7.539999961853027,7.574999809265137,6.78000020980835,6.789999961853027,6.789999961853027,66800
6.940000057220459,7.190000057220459,6.789999961853027,6.860000133514404,6.860000133514404,26100
6.909999847412109,7.190000057220459,6.550000190734863,6.650000095367432,6.650000095367432,30800
6.820000171661377,7.039999961853027,6.565000057220459,6.800000190734863,6.800000190734863,52200
6.835000038146973,7.079999923706055,6.800000190734863,7.0,7.0,17700
6.96999979019165,7.090000152587891,6.949999809265137,7.090000152587891,7.090000152587891,11000
7.139999866485596,7.679999828338623,7.099999904632568,7.449999809265137,7.449999809265137,45500
7.679999828338623,8.0,7.460000038146973,7.525000095367432,7.525000095367432,62700
7.550000190734863,7.675000190734863,7.510000228881836,7.590000152587891,7.590000152587891,51900
7.619999885559082,7.809999942779541,7.599999904632568,7.800000190734863,7.800000190734863,27500
7.90500020980835,7.90500020980835,7.400000095367432,7.449999809265137,7.449999809265137,44400
7.849999904632568,7.885000228881836,7.400000095367432,7.699999809265137,7.699999809265137,65400
7.849999904632568,7.849999904632568,7.449999809265137,7.599999904632568,7.599999904632568,23800
7.880000114440918,7.989999771118164,7.599999904632568,7.940000057220459,7.940000057220459,41100
7.949999809265137,7.949999809265137,7.099999904632568,7.119999885559082,7.119999885559082,76700
7.329999923706055,7.489999771118164,7.150000095367432,7.28000020980835,7.28000020980835,20500
7.289999961853027,7.289999961853027,6.860000133514404,7.059999942779541,7.059999942779541,41000
7.079999923706055,7.260000228881836,7.050000190734863,7.130000114440918,7.130000114440918,24000
7.09499979019165,7.119999885559082,6.849999904632568,6.909999847412109,6.909999847412109,21500
6.909999847412109,7.005000114440918,6.809999942779541,6.809999942779541,6.809999942779541,14100
6.900000095367432,7.0,6.519999980926514,6.75,6.75,27700
6.869999885559082,7.239999771118164,6.760000228881836,7.099999904632568,7.099999904632568,124400
7.239999771118164,7.239999771118164,7.0,7.119999885559082,7.119999885559082,55500
7.139999866485596,7.190000057220459,6.679999828338623,6.699999809265137,6.699999809265137,78400
6.690000057220459,6.840000152587891,6.659999847412109,6.769999980926514,6.769999980926514,23000
6.699999809265137,8.899999618530273,6.315000057220459,6.340000152587891,6.340000152587891,67400
6.420000076293945,6.550000190734863,6.139999866485596,6.300000190734863,6.300000190734863,27100
6.375,6.514999866485596,6.300000190734863,6.364999771118164,6.364999771118164,103300
6.300000190734863,6.539999961853027,6.300000190734863,6.5,6.5,23300
6.539999961853027,6.550000190734863,6.119999885559082,6.199999809265137,6.199999809265137,46000
6.400000095367432,6.644999980926514,6.269999980926514,6.510000228881836,6.510000228881836,33600
6.550000190734863,6.550000190734863,6.014999866485596,6.199999809265137,6.199999809265137,69400
6.340000152587891,6.650000095367432,6.340000152587891,6.559999942779541,6.559999942779541,30600
6.610000133514404,6.650000095367432,6.099999904632568,6.380000114440918,6.380000114440918,20500
6.300000190734863,6.300000190734863,6.159999847412109,6.21999979019165,6.21999979019165,12000
6.269999980926514,6.71999979019165,6.269999980926514,6.429999828338623,6.429999828338623,28000
6.53000020980835,6.559999942779541,6.309999942779541,6.400000095367432,6.400000095367432,12400
6.489999771118164,6.489999771118164,6.099999904632568,6.244999885559082,6.244999885559082,26000
6.25,6.400000095367432,6.199999809265137,6.309999942779541,6.309999942779541,17900
6.400000095367432,6.449999809265137,6.235000133514404,6.349999904632568,6.349999904632568,15300
6.300000190734863,6.389999866485596,6.170000076293945,6.309999942779541,6.309999942779541,26400
6.400000095367432,6.619999885559082,6.400000095367432,6.579999923706055,6.579999923706055,36400
6.579999923706055,6.599999904632568,6.40500020980835,6.565000057220459,6.565000057220459,17900
6.599999904632568,7.010000228881836,6.510000228881836,6.909999847412109,6.909999847412109,60400
6.949999809265137,7.0,6.820000171661377,7.0,7.0,26400
7.389999866485596,7.940000057220459,7.199999809265137,7.880000114440918,7.880000114440918,125700
8.1899995803833,8.850000381469727,7.849999904632568,8.399999618530273,8.399999618530273,112700
8.569999694824219,8.729999542236328,8.40999984741211,8.550000190734863,8.550000190734863,40400
8.670000076293945,12.789999961853027,8.520000457763672,11.994999885559082,11.994999885559082,495100
12.510000228881836,15.5,12.0,15.5,15.5,380200
20.097000122070312,37.55500030517578,15.550000190734863,22.649999618530273,22.649999618530273,397900
22.780000686645508,22.799999237060547,16.309999465942383,16.8700008392334,16.8700008392334,370000
17.25,21.3700008392334,17.25,20.700000762939453,20.700000762939453,204600
21.979999542236328,27.0,21.75,27.0,27.0,165100
27.200000762939453,27.700000762939453,21.100000381469727,22.0,22.0,213500
24.739999771118164,26.899999618530273,23.309999465942383,25.3799991607666,25.3799991607666,219600
25.0,25.0,21.56999969482422,22.15999984741211,22.15999984741211,91500
22.799999237060547,24.5,22.229999542236328,22.229999542236328,22.229999542236328,116900
23.25,23.25,21.200000762939453,21.934999465942383,21.934999465942383,70400
22.260000228881836,24.0,22.049999237060547,22.600000381469727,22.600000381469727,102500
23.399999618530273,27.700000762939453,23.0,27.260000228881836,27.260000228881836,208500
27.989999771118164,29.200000762939453,25.5,27.700000762939453,27.700000762939453,90600
26.850000381469727,26.850000381469727,24.100000381469727,25.5,25.5,76900
25.5,31.200000762939453,25.5,29.0,29.0,78700
29.0,29.524999618530273,27.0,27.299999237060547,27.299999237060547,65200
27.989999771118164,28.5,27.5,27.899999618530273,27.899999618530273,91800
27.75,27.75,24.110000610351562,25.5,25.5,91600
25.1200008392334,25.450000762939453,23.600000381469727,24.450000762939453,24.450000762939453,55300
24.010000228881836,24.125,21.0,21.5,21.5,131800
21.520000457763672,22.739999771118164,21.520000457763672,22.399999618530273,22.399999618530273,39800
23.1200008392334,24.5,22.399999618530273,24.25,24.25,67000
26.989999771118164,26.989999771118164,25.049999237060547,26.075000762939453,26.075000762939453,72500
25.739999771118164,25.739999771118164,23.0,24.5,24.5,42500
23.989999771118164,24.0,21.114999771118164,22.25,22.25,78000
22.19499969482422,24.0,20.25,24.0,24.0,64400
23.34000015258789,24.0,20.889999389648438,21.25,21.25,57200
21.34000015258789,23.889999389648438,21.34000015258789,22.489999771118164,22.489999771118164,32800
22.600000381469727,24.329999923706055,22.5,22.68000030517578,22.68000030517578,26900
22.690000534057617,23.15999984741211,21.299999237060547,21.299999237060547,21.299999237060547,31700
22.049999237060547,23.200000762939453,22.049999237060547,22.440000534057617,22.440000534057617,23100
22.420000076293945,23.489999771118164,22.420000076293945,23.270000457763672,23.270000457763672,33100
23.200000762939453,23.299999237060547,22.0,22.0,22.0,24300
22.0,23.200000762939453,21.5,22.5,22.5,23200
22.899999618530273,23.600000381469727,21.55500030517578,22.770000457763672,22.770000457763672,37200
22.700000762939453,22.700000762939453,19.5,20.795000076293945,20.795000076293945,70000
20.895000457763672,21.5,20.100000381469727,21.43000030517578,21.43000030517578,16600
21.399999618530273,22.920000076293945,18.700000762939453,18.709999084472656,18.709999084472656,37400
18.5,18.899999618530273,16.829999923706055,17.600000381469727,17.600000381469727,131300
17.700000762939453,18.75,17.049999237060547,17.059999465942383,17.059999465942383,49500
17.979999542236328,17.979999542236328,16.0,16.030000686645508,16.030000686645508,71300
15.930000305175781,15.970000267028809,12.0,12.199999809265137,12.199999809265137,205200
12.100000381469727,13.0,10.609999656677246,11.0,11.0,92800
10.75,11.199999809265137,9.899999618530273,10.180000305175781,10.180000305175781,118100
9.899999618530273,13.199999809265137,9.850000381469727,12.59000015258789,12.59000015258789,83200
13.399999618530273,13.399999618530273,12.109999656677246,12.78499984741211,12.78499984741211,40100
12.930000305175781,13.279999732971191,12.649999618530273,13.0,13.0,33000
13.210000038146973,13.489999771118164,13.0,13.329999923706055,13.329999923706055,18800
13.329999923706055,15.92300033569336,13.199999809265137,15.800000190734863,15.800000190734863,54200
15.899999618530273,17.75,15.899999618530273,16.799999237060547,16.799999237060547,78400
16.899999618530273,19.5,16.799999237060547,18.899999618530273,18.899999618530273,64300
19.9950008392334,20.0,17.5,18.020000457763672,18.020000457763672,33100
17.979999542236328,18.75,17.75,18.0,18.0,20100
18.389999389648438,18.5,17.3700008392334,17.399999618530273,17.399999618530273,22500
17.3700008392334,17.959999084472656,15.5,15.550000190734863,15.550000190734863,54600
17.0,17.0,16.260000228881836,16.889999389648438,16.889999389648438,42000
16.899999618530273,17.229999542236328,16.25,16.5,16.5,35200
17.5,18.510000228881836,16.5,18.510000228881836,18.510000228881836,98300
19.360000610351562,19.950000762939453,17.459999084472656,17.850000381469727,17.850000381469727,77400
17.899999618530273,17.90999984741211,15.520000457763672,16.5,16.5,62900
17.0,17.5,16.0,16.280000686645508,16.280000686645508,61700
16.520000457763672,17.809999465942383,16.5,17.350000381469727,17.350000381469727,63600
17.100000381469727,17.350000381469727,16.139999389648438,16.149999618530273,16.149999618530273,44000
16.440000534057617,16.799999237060547,15.630000114440918,16.25,16.25,40000
16.489999771118164,16.489999771118164,14.550000190734863,14.970000267028809,14.970000267028809,62900
15.100000381469727,15.75,14.899999618530273,15.75,15.75,58700
15.989999771118164,15.989999771118164,14.510000228881836,14.729999542236328,14.729999542236328,84900
14.699999809265137,15.699999809265137,14.449999809265137,15.0600004196167,15.0600004196167,39800
16.0,16.770000457763672,15.600000381469727,16.229999542236328,16.229999542236328,94900
16.75,16.75,15.15999984741211,15.649999618530273,15.649999618530273,65100
15.630000114440918,16.049999237060547,15.100000381469727,15.4399995803833,15.4399995803833,33400
15.0,15.399999618530273,14.260000228881836,14.75,14.75,62900
15.0,15.989999771118164,14.0600004196167,15.0,15.0,71400
15.0,15.399999618530273,13.90999984741211,13.90999984741211,13.90999984741211,87300
14.350000381469727,14.489999771118164,13.149999618530273,13.329999923706055,13.329999923706055,105600
13.399999618530273,13.75,12.800000190734863,13.729999542236328,13.729999542236328,123700
13.75,16.68000030517578,13.75,16.68000030517578,16.68000030517578,179700
17.149999618530273,17.5,15.260000228881836,15.449999809265137,15.449999809265137,167100
16.100000381469727,16.700000762939453,15.90999984741211,16.200000762939453,16.200000762939453,72700
16.75,17.600000381469727,16.75,17.520000457763672,17.520000457763672,127500
18.25,21.049999237060547,18.0,20.5,20.5,270300
21.850000381469727,24.0,21.700000762939453,21.700000762939453,21.700000762939453,307000
21.889999389648438,23.9950008392334,20.0,21.0,21.0,206700
18.209999084472656,18.75,17.110000610351562,18.450000762939453,18.450000762939453,231400
20.200000762939453,23.0,19.510000228881836,21.860000610351562,21.860000610351562,168400
21.950000762939453,21.950000762939453,19.56999969482422,21.0,21.0,211300
21.649999618530273,21.649999618530273,19.40999984741211,19.850000381469727,19.850000381469727,126600
20.0,20.799999237060547,19.15999984741211,19.299999237060547,19.299999237060547,124800
19.0,19.350000381469727,17.649999618530273,18.75,18.75,199800
18.899999618530273,19.399999618530273,17.68000030517578,18.350000381469727,18.350000381469727,144600
18.84000015258789,18.84000015258789,17.049999237060547,17.059999465942383,17.059999465942383,105300
17.049999237060547,17.389999389648438,16.149999618530273,16.25,16.25,65900
16.950000762939453,18.100000381469727,16.0,17.899999618530273,17.899999618530273,112500
16.799999237060547,17.850000381469727,16.5,17.360000610351562,17.360000610351562,90600
17.350000381469727,20.0,17.350000381469727,18.75,18.75,97600
19.5,19.59000015258789,18.799999237060547,19.299999237060547,19.299999237060547,106300
20.350000381469727,22.649999618530273,20.25,22.649999618530273,22.649999618530273,205800
27.0,28.0,23.360000610351562,24.209999084472656,24.209999084472656,335300
23.940000534057617,24.700000762939453,22.149999618530273,24.25,24.25,117900
23.850000381469727,24.889999389648438,22.15999984741211,24.200000762939453,24.200000762939453,174400
24.209999084472656,25.0,23.239999771118164,23.239999771118164,23.239999771118164,78900
23.25,23.899999618530273,20.399999618530273,20.670000076293945,20.670000076293945,155600
20.850000381469727,20.850000381469727,18.09000015258789,18.09000015258789,18.09000015258789,141300
22.0,22.450000762939453,19.170000076293945,20.0,20.0,221300
20.0,20.0,18.260000228881836,19.049999237060547,19.049999237060547,143900
19.049999237060547,20.899999618530273,18.899999618530273,20.5,20.5,195400
20.5,20.5,18.56999969482422,19.030000686645508,19.030000686645508,135600
20.5,21.5,19.399999618530273,20.649999618530273,20.649999618530273,478400
21.0,23.600000381469727,20.709999084472656,23.399999618530273,23.399999618530273,266200
24.049999237060547,28.200000762939453,24.024999618530273,26.5,26.5,306800
28.299999237060547,33.0,27.850000381469727,30.325000762939453,30.325000762939453,384900
34.86000061035156,34.86000061035156,27.75,28.350000381469727,28.350000381469727,352800
26.0,30.489999771118164,23.024999618530273,25.229999542236328,25.229999542236328,240100
25.110000610351562,27.5,24.0,25.979999542236328,25.979999542236328,151200
25.979999542236328,26.75,24.25,26.56999969482422,26.56999969482422,109400
26.600000381469727,29.25,26.600000381469727,28.5,28.5,86700
28.75,28.75,24.0,24.899999618530273,24.899999618530273,155600
25.010000228881836,29.399999618530273,25.010000228881836,26.75,26.75,168800
26.625,26.75,24.0,24.360000610351562,24.360000610351562,105900
24.0,24.0,21.610000610351562,22.5,22.5,140700
22.5,24.0,22.260000228881836,23.610000610351562,23.610000610351562,53800
25.475000381469727,25.899999618530273,23.200000762939453,24.100000381469727,24.100000381469727,92400
23.75,24.0,22.799999237060547,23.149999618530273,23.149999618530273,51900
22.5,22.549999237060547,20.6200008392334,21.5,21.5,142500
23.5,24.100000381469727,22.200000762939453,23.530000686645508,23.530000686645508,85000
27.0,27.0,23.520000457763672,25.049999237060547,25.049999237060547,93900
25.149999618530273,26.850000381469727,23.1200008392334,24.239999771118164,24.239999771118164,85700
24.5,26.479999542236328,23.25,24.75,24.75,117800
25.55500030517578,26.0,24.5,25.020000457763672,25.020000457763672,108500
26.329999923706055,26.59000015258789,24.09000015258789,25.899999618530273,25.899999618530273,57800
25.520000457763672,26.950000762939453,25.520000457763672,25.90999984741211,25.90999984741211,78200
27.100000381469727,29.5,26.84000015258789,28.0,28.0,198700
28.989999771118164,29.989999771118164,28.739999771118164,29.399999618530273,29.399999618530273,210100
29.43000030517578,29.979999542236328,26.520000457763672,28.25,28.25,102200
30.0,31.920000076293945,29.0,30.610000610351562,30.610000610351562,158800
31.25,31.5,29.600000381469727,29.889999389648438,29.889999389648438,112200
32.15999984741211,33.18000030517578,30.0,33.18000030517578,33.18000030517578,190700
34.0,36.0,31.799999237060547,36.0,36.0,107300
35.900001525878906,40.220001220703125,33.560001373291016,38.52000045776367,38.52000045776367,112900
40.2599983215332,46.0,39.099998474121094,45.27000045776367,45.27000045776367,194100
44.5,44.59000015258789,38.029998779296875,40.5,40.5,176900
37.5,37.5,30.600000381469727,35.0,35.0,210800
35.207000732421875,39.0,34.0,34.0,34.0,92700
36.84000015258789,37.7599983215332,30.81999969482422,31.0,31.0,105100
30.25,34.0,29.0,30.0,30.0,109500
34.5,34.5,31.5,33.0,33.0,92600
33.900001525878906,36.974998474121094,32.08000183105469,35.25,35.25,55700
39.0,39.0,35.0099983215332,36.95000076293945,36.95000076293945,73600
37.25,38.099998474121094,31.5,35.0,35.0,92500
34.0099983215332,36.900001525878906,30.100000381469727,33.38999938964844,33.38999938964844,139300
35.040000915527344,36.25,31.030000686645508,31.75,31.75,92500
33.25,36.75,33.25,35.5,35.5,112600
36.400001525878906,38.400001525878906,36.400001525878906,37.5099983215332,37.5099983215332,101700
37.79999923706055,37.970001220703125,35.720001220703125,36.25,36.25,87100
35.5,37.7400016784668,34.349998474121094,35.5099983215332,35.5099983215332,50200
35.5099983215332,37.099998474121094,35.5099983215332,37.099998474121094,37.099998474121094,46200
36.25,38.0,35.56999969482422,36.0,36.0,62200
37.75,37.75,34.5,37.04499816894531,37.04499816894531,60500
38.099998474121094,39.400001525878906,37.099998474121094,37.5,37.5,63900
38.0,39.29999923706055,37.5,39.040000915527344,39.040000915527344,50200
39.9900016784668,39.9900016784668,37.20000076293945,37.29999923706055,37.29999923706055,66700
37.04999923706055,37.70000076293945,33.75,34.0,34.0,70700
34.75,36.15999984741211,31.0,34.06999969482422,34.06999969482422,91500
30.0,33.9900016784668,28.309999465942383,33.099998474121094,33.099998474121094,119200
33.0,34.959999084472656,32.75,34.20000076293945,34.20000076293945,92000
35.0,39.43000030517578,34.25,35.150001525878906,35.150001525878906,86800
35.29999923706055,37.59000015258789,35.25,36.4900016784668,36.4900016784668,36900
36.875,38.84000015258789,36.2599983215332,38.099998474121094,38.099998474121094,168500
38.224998474121094,39.75,36.04999923706055,36.70000076293945,36.70000076293945,102500
36.7599983215332,39.095001220703125,36.650001525878906,38.17499923706055,38.17499923706055,110300
40.0,43.7400016784668,38.5,41.4900016784668,41.4900016784668,137100
41.88999938964844,41.95000076293945,38.18000030517578,40.29999923706055,40.29999923706055,109700
40.70000076293945,40.97999954223633,38.5099983215332,39.650001525878906,39.650001525878906,62800
39.88999938964844,40.900001525878906,39.0,39.5,39.5,56700
39.7599983215332,42.279998779296875,39.599998474121094,40.900001525878906,40.900001525878906,94000
41.54999923706055,48.0,41.25,46.5,46.5,177000
49.25,53.95000076293945,46.650001525878906,48.09000015258789,48.09000015258789,214800
48.7599983215332,52.5,45.0,52.0,52.0,165600
54.0,54.0,43.0,48.20000076293945,48.20000076293945,254200
44.5,45.95000076293945,40.04999923706055,40.04999923706055,40.04999923706055,231500
41.900001525878906,42.619998931884766,38.150001525878906,39.540000915527344,39.540000915527344,185100
40.400001525878906,40.400001525878906,37.70000076293945,39.04999923706055,39.04999923706055,89400
39.099998474121094,39.25,33.970001220703125,34.33000183105469,34.33000183105469,187700
32.0,36.18000030517578,28.0,35.54999923706055,35.54999923706055,247700
37.04999923706055,40.0,37.0,37.900001525878906,37.900001525878906,181100
39.36000061035156,40.099998474121094,38.20000076293945,38.68000030517578,38.68000030517578,69700
39.75,39.75,37.349998474121094,38.400001525878906,38.400001525878906,44400
38.900001525878906,38.900001525878906,35.45000076293945,36.279998779296875,36.279998779296875,67100
36.58000183105469,39.61000061035156,36.54999923706055,38.83000183105469,38.83000183105469,88000
42.560001373291016,44.5,41.0,43.150001525878906,43.150001525878906,324500
44.0,44.0,37.560001373291016,39.38999938964844,39.38999938964844,178700
41.34000015258789,44.0,40.0099983215332,44.0,44.0,184400
45.0,47.0,39.0,39.79999923706055,39.79999923706055,344400
43.11000061035156,46.29999923706055,39.900001525878906,44.29999923706055,44.29999923706055,202200
45.45000076293945,46.79999923706055,40.150001525878906,40.75,40.75,197200
40.150001525878906,42.08000183105469,38.0,41.720001220703125,41.720001220703125,139100
43.599998474121094,43.599998474121094,40.15999984741211,41.45000076293945,41.45000076293945,86300
39.900001525878906,39.9900016784668,35.0,35.099998474121094,35.099998474121094,246100
36.0099983215332,40.5,36.0099983215332,39.834999084472656,39.834999084472656,123100
33.9900016784668,35.79999923706055,32.02000045776367,34.220001220703125,34.220001220703125,255700
32.595001220703125,34.0,32.189998626708984,33.0,33.0,105100
26.5,36.9900016784668,25.760000228881836,29.0,29.0,406300
32.18000030517578,33.25,29.25,31.0,31.0,114900
31.5,31.739999771118164,26.1200008392334,26.420000076293945,26.420000076293945,243800
26.200000762939453,28.520000457763672,26.200000762939453,28.020000457763672,28.020000457763672,133900
28.979999542236328,28.979999542236328,27.520000457763672,27.899999618530273,27.899999618530273,68000
29.899999618530273,29.899999618530273,27.75,27.829999923706055,27.829999923706055,68900
28.5,29.079999923706055,27.670000076293945,28.15999984741211,28.15999984741211,99800
27.75,28.454999923706055,26.30500030517578,26.700000762939453,26.700000762939453,61100
26.350000381469727,26.600000381469727,25.0,25.399999618530273,25.399999618530273,134900
26.0,26.950000762939453,25.030000686645508,26.450000762939453,26.450000762939453,84800
27.0,28.25,26.1200008392334,27.5,27.5,43800
28.350000381469727,28.350000381469727,25.8700008392334,26.329999923706055,26.329999923706055,44000
26.989999771118164,27.030000686645508,25.100000381469727,25.200000762939453,25.200000762939453,62500
24.0,24.489999771118164,21.600000381469727,21.799999237060547,21.799999237060547,287500
22.75,24.5,22.5,24.0,24.0,111100
25.0,25.149999618530273,23.8799991607666,24.68000030517578,24.68000030517578,51400
24.850000381469727,25.149999618530273,24.25,24.5,24.5,41800
26.5,27.8700008392334,25.5,26.940000534057617,26.940000534057617,194200
28.149999618530273,28.299999237060547,26.889999389648438,27.149999618530273,27.149999618530273,88200
27.0,27.389999389648438,24.5,25.450000762939453,25.450000762939453,59200
25.450000762939453,25.969999313354492,23.020000457763672,24.5,24.5,67800
24.700000762939453,24.700000762939453,22.0,22.75,22.75,89000
21.950000762939453,21.950000762939453,20.209999084472656,20.950000762939453,20.950000762939453,149600
19.8799991607666,21.25,18.0,20.010000228881836,20.010000228881836,205400
21.0,22.049999237060547,20.934999465942383,20.950000762939453,20.950000762939453,91000
21.59000015258789,22.350000381469727,21.280000686645508,22.0,22.0,75200
21.389999389648438,21.399999618530273,20.065000534057617,20.065000534057617,20.065000534057617,93400
20.444000244140625,22.299999237060547,20.100000381469727,22.0,22.0,60100
22.5,23.59000015258789,22.030000686645508,23.0,23.0,63500
23.0,23.0,21.579999923706055,22.200000762939453,22.200000762939453,54100
22.989999771118164,22.989999771118164,21.040000915527344,22.100000381469727,22.100000381469727,82700
21.440000534057617,22.850000381469727,21.040000915527344,22.5,22.5,109000
22.68000030517578,25.25,22.649999618530273,25.049999237060547,25.049999237060547,191700
25.790000915527344,27.100000381469727,25.670000076293945,26.989999771118164,26.989999771118164,331300
26.0,26.420000076293945,23.860000610351562,25.014999389648438,25.014999389648438,290500
25.049999237060547,27.299999237060547,24.75,25.799999237060547,25.799999237060547,97200
26.5,27.290000915527344,24.0,24.0,24.0,87100
25.43000030517578,26.450000762939453,23.975000381469727,23.975000381469727,23.975000381469727,88100
24.049999237060547,24.950000762939453,24.049999237060547,24.850000381469727,24.850000381469727,61500
23.059999465942383,25.25,23.059999465942383,25.25,25.25,53700
24.8799991607666,25.0,24.0,24.3700008392334,24.3700008392334,38300
23.5,24.3700008392334,22.290000915527344,22.350000381469727,22.350000381469727,74000
21.75,23.709999084472656,20.799999237060547,21.020000457763672,21.020000457763672,99500
24.0,25.0,21.549999237060547,22.899999618530273,22.899999618530273,97200
23.25,24.0,21.559999465942383,21.899999618530273,21.899999618530273,114400
22.5,23.350000381469727,22.0,22.950000762939453,22.950000762939453,64400
25.75,28.0,25.299999237060547,27.989999771118164,27.989999771118164,144500
28.25,29.790000915527344,25.649999618530273,25.649999618530273,25.649999618530273,130500
26.75,29.25,26.700000762939453,28.790000915527344,28.790000915527344,116600
28.600000381469727,29.889999389648438,28.600000381469727,28.899999618530273,28.899999618530273,59100
28.899999618530273,28.899999618530273,27.899999618530273,28.690000534057617,28.690000534057617,37800
29.75,32.779998779296875,29.0,32.0,32.0,133300
31.0,31.950000762939453,28.149999618530273,30.700000762939453,30.700000762939453,82500
32.689998626708984,34.619998931884766,32.66999816894531,33.75,33.75,99500
34.5,35.0,32.38999938964844,34.400001525878906,34.400001525878906,91700
35.0,39.220001220703125,34.7599983215332,38.54999923706055,38.54999923706055,90200
42.189998626708984,42.189998626708984,39.900001525878906,41.0,41.0,141000
40.9900016784668,42.20000076293945,37.70000076293945,39.310001373291016,39.310001373291016,123500
40.20000076293945,44.349998474121094,39.369998931884766,42.630001068115234,42.630001068115234,151500
43.0,43.27000045776367,40.04999923706055,43.27000045776367,43.27000045776367,114600
44.25,47.13999938964844,44.0,46.72999954223633,46.72999954223633,125600
47.95000076293945,51.79999923706055,46.31999969482422,50.0,50.0,314800
50.5,51.779998779296875,40.619998931884766,42.25,42.25,220400
42.5,45.0,40.5,41.150001525878906,41.150001525878906,153300
42.0,42.75,39.369998931884766,42.25,42.25,115800
43.9900016784668,48.900001525878906,43.0,47.79999923706055,47.79999923706055,200800
49.790000915527344,52.79999923706055,49.25,52.25,52.25,195000
52.79999923706055,52.79999923706055,48.400001525878906,51.54999923706055,51.54999923706055,174000
50.849998474121094,57.45000076293945,50.0099983215332,57.45000076293945,57.45000076293945,174700
54.0,57.400001525878906,50.29999923706055,55.0,55.0,207800
54.900001525878906,59.95000076293945,53.099998474121094,58.56999969482422,58.56999969482422,201900
57.25,58.810001373291016,53.849998474121094,58.56999969482422,58.56999969482422,131300
59.81999969482422,62.689998626708984,58.5,61.20000076293945,61.20000076293945,161600
62.75,73.44999694824219,61.88999938964844,64.23999786376953,64.23999786376953,260800
70.0,71.0,56.0099983215332,58.099998474121094,58.099998474121094,348400
62.20000076293945,62.709999084472656,44.63999938964844,45.45000076293945,45.45000076293945,842200
41.9900016784668,42.0,33.5,33.5,33.5,1315700
34.15999984741211,35.650001525878906,32.099998474121094,33.20000076293945,33.20000076293945,729000
34.97999954223633,42.0,34.5,37.59000015258789,37.59000015258789,919400
39.0099983215332,39.29999923706055,32.5,33.650001525878906,33.650001525878906,517700
33.70000076293945,34.880001068115234,30.5,31.239999771118164,31.239999771118164,568000
31.5,33.869998931884766,31.34000015258789,31.770000457763672,31.770000457763672,427000
33.45000076293945,35.86000061035156,32.68000030517578,35.599998474121094,35.599998474121094,353600
36.5,36.79999923706055,33.5099983215332,33.7599983215332,33.7599983215332,176400
34.900001525878906,34.900001525878906,31.899999618530273,33.29999923706055,33.29999923706055,174000
31.389999389648438,31.739999771118164,29.850000381469727,30.3799991607666,30.3799991607666,349400
30.729999542236328,30.739999771118164,28.5,29.200000762939453,29.200000762939453,325800
29.149999618530273,32.0,29.149999618530273,31.799999237060547,31.799999237060547,295400
32.189998626708984,32.5,29.860000610351562,30.600000381469727,30.600000381469727,385600
29.540000915527344,29.989999771118164,28.510000228881836,29.299999237060547,29.299999237060547,361100
29.75,30.200000762939453,28.6200008392334,29.290000915527344,29.290000915527344,171700
28.950000762939453,29.25,27.079999923706055,27.280000686645508,27.280000686645508,181300
27.6299991607666,28.059999465942383,25.760000228881836,25.979999542236328,25.979999542236328,204500
26.3700008392334,26.934999465942383,24.709999084472656,25.899999618530273,25.899999618530273,509200
27.549999237060547,28.309999465942383,26.200000762939453,27.510000228881836,27.510000228881836,410400
27.950000762939453,29.889999389648438,27.5,28.850000381469727,28.850000381469727,496700
29.75,31.0,29.739999771118164,30.700000762939453,30.700000762939453,559100
32.34000015258789,34.31999969482422,31.5,34.31999969482422,34.31999969482422,526400
33.900001525878906,35.439998626708984,32.7400016784668,33.15999984741211,33.15999984741211,408800
34.0,35.459999084472656,33.75,34.29999923706055,34.29999923706055,372500
36.11000061035156,36.349998474121094,33.15999984741211,33.15999984741211,33.15999984741211,284200
33.0,33.22999954223633,30.5,31.399999618530273,31.399999618530273,318200
30.649999618530273,31.760000228881836,30.0,31.309999465942383,31.309999465942383,302800
31.670000076293945,33.290000915527344,30.649999618530273,31.5,31.5,416800
32.25,32.599998474121094,30.450000762939453,30.829999923706055,30.829999923706055,499500
30.360000610351562,31.0,28.93000030517578,29.299999237060547,29.299999237060547,442800
29.139999389648438,30.549999237060547,28.670000076293945,29.950000762939453,29.950000762939453,338700
30.0,35.5,30.0,34.27000045776367,34.27000045776367,572000
34.439998626708984,35.400001525878906,33.38999938964844,33.75,33.75,306800
34.0,34.900001525878906,30.5,32.4370002746582,32.4370002746582,324800
34.0,35.15999984741211,32.93000030517578,34.202999114990234,34.202999114990234,266800
35.130001068115234,35.130001068115234,33.900001525878906,34.720001220703125,34.720001220703125,153400
33.099998474121094,33.95000076293945,31.854999542236328,32.029998779296875,32.029998779296875,248600
33.5,34.45000076293945,32.400001525878906,33.0,33.0,204900
33.25,34.849998474121094,32.0099983215332,34.22600173950195,34.22600173950195,391700
34.099998474121094,34.720001220703125,32.27000045776367,33.45000076293945,33.45000076293945,268100
35.34000015258789,35.459999084472656,33.0099983215332,33.25,33.25,278400
33.06999969482422,33.47999954223633,31.860000610351562,32.04999923706055,32.04999923706055,282400
32.5,32.5,30.5,31.299999237060547,31.299999237060547,279000
31.299999237060547,31.600000381469727,30.049999237060547,31.25,31.25,255100
32.75,33.38999938964844,32.11800003051758,32.5,32.5,413600
33.150001525878906,33.83000183105469,32.13999938964844,32.900001525878906,32.900001525878906,423600
32.93000030517578,34.13999938964844,32.25,32.33000183105469,32.33000183105469,385900
32.79999923706055,33.56999969482422,32.49800109863281,33.16999816894531,33.16999816894531,241300
32.75,32.75,31.540000915527344,32.5,32.5,186700
32.5,33.22999954223633,31.260000228881836,31.600000381469727,31.600000381469727,161200
29.5,30.469999313354492,29.030000686645508,29.600000381469727,29.600000381469727,375700
29.920000076293945,30.309999465942383,29.399999618530273,30.229999542236328,30.229999542236328,242500
30.0,30.0,27.530000686645508,28.969999313354492,28.969999313354492,350800
29.799999237060547,31.31999969482422,29.010000228881836,30.75,30.75,203600
30.940000534057617,30.940000534057617,29.15999984741211,29.489999771118164,29.489999771118164,125000
29.649999618530273,30.75,29.649999618530273,30.75,30.75,146200
30.3700008392334,31.43000030517578,29.989999771118164,31.43000030517578,31.43000030517578,132100
29.850000381469727,31.010000228881836,29.450000762939453,30.989999771118164,30.989999771118164,127700
31.979999542236328,32.880001068115234,31.200000762939453,32.869998931884766,32.869998931884766,182500
33.70000076293945,33.720001220703125,31.75,32.189998626708984,32.189998626708984,248900
32.400001525878906,33.189998626708984,30.709999084472656,30.799999237060547,30.799999237060547,157800
30.799999237060547,31.549999237060547,29.860000610351562,30.399999618530273,30.399999618530273,186000
30.700000762939453,30.700000762939453,27.549999237060547,27.559999465942383,27.559999465942383,185300
26.600000381469727,26.809999465942383,25.010000228881836,26.770000457763672,26.770000457763672,245600
27.65999984741211,28.309999465942383,27.06999969482422,27.1200008392334,27.1200008392334,179000
27.100000381469727,28.40999984741211,27.049999237060547,28.079999923706055,28.079999923706055,84300
27.889999389648438,27.989999771118164,26.329999923706055,26.450000762939453,26.450000762939453,197800
27.229999542236328,27.5,25.309999465942383,26.389999389648438,26.389999389648438,152900
26.190000534057617,26.239999771118164,24.31999969482422,24.94499969482422,24.94499969482422,221600
25.450000762939453,26.06999969482422,24.489999771118164,25.979999542236328,25.979999542236328,121700
25.5,27.030000686645508,24.25,27.0,27.0,135300
26.559999465942383,26.950000762939453,25.139999389648438,25.979999542236328,25.979999542236328,76500
25.219999313354492,25.610000610351562,23.81999969482422,25.139999389648438,25.139999389648438,156000
24.850000381469727,24.889999389648438,23.350000381469727,23.700000762939453,23.700000762939453,187100
23.84000015258789,24.809999465942383,23.760000228881836,24.149999618530273,24.149999618530273,120200
24.100000381469727,24.84000015258789,23.75,24.799999237060547,24.799999237060547,103200
24.59000015258789,27.0,23.389999389648438,26.844999313354492,26.844999313354492,143100
27.450000762939453,28.25,27.299999237060547,28.0,28.0,155600
27.299999237060547,27.700000762939453,25.520000457763672,26.329999923706055,26.329999923706055,252400
26.270000457763672,26.389999389648438,25.110000610351562,25.1200008392334,25.1200008392334,106500
25.5,27.079999923706055,25.049999237060547,25.399999618530273,25.399999618530273,203100
25.040000915527344,26.795000076293945,23.34000015258789,24.25,24.25,364700
24.899999618530273,25.190000534057617,24.239999771118164,24.350000381469727,24.350000381469727,64700
24.799999237060547,25.459999084472656,24.229999542236328,25.094999313354492,25.094999313354492,98400
25.950000762939453,25.950000762939453,23.059999465942383,23.110000610351562,23.110000610351562,94700
22.860000610351562,23.389999389648438,21.81999969482422,23.334999084472656,23.334999084472656,164300
22.700000762939453,23.0,21.229999542236328,22.690000534057617,22.690000534057617,153800
22.010000228881836,22.540000915527344,21.020000457763672,22.0,22.0,175700
22.459999084472656,22.989999771118164,22.0,22.299999237060547,22.299999237060547,156600
23.3799991607666,24.43000030517578,23.06999969482422,23.950000762939453,23.950000762939453,172200
24.469999313354492,24.469999313354492,22.5,22.68000030517578,22.68000030517578,125100
22.93000030517578,23.469999313354492,22.459999084472656,23.104000091552734,23.104000091552734,83200
22.68000030517578,22.719999313354492,21.200000762939453,21.350000381469727,21.350000381469727,156200
21.299999237060547,21.959999084472656,21.219999313354492,21.219999313354492,21.219999313354492,63300
22.09000015258789,22.709999084472656,21.510000228881836,21.510000228881836,21.510000228881836,104100
20.75,21.149999618530273,19.030000686645508,20.510000228881836,20.510000228881836,721700
18.309999465942383,18.790000915527344,17.06999969482422,18.760000228881836,18.760000228881836,334000
18.770000457763672,18.770000457763672,17.75,17.75,17.75,154100
19.09000015258789,19.690000534057617,17.899999618530273,18.350000381469727,18.350000381469727,182700
18.15999984741211,18.989999771118164,17.1200008392334,17.25,17.25,170200
17.18000030517578,19.110000610351562,17.110000610351562,18.25,18.25,112100
18.270000457763672,19.739999771118164,18.030000686645508,18.770000457763672,18.770000457763672,205100
19.209999084472656,20.239999771118164,18.729999542236328,20.1299991607666,20.1299991607666,176900
20.190000534057617,20.5,19.25,20.440000534057617,20.440000534057617,132800
20.139999389648438,21.479999542236328,19.6200008392334,19.709999084472656,19.709999084472656,163500
20.482999801635742,23.200000762939453,20.450000762939453,23.03499984741211,23.03499984741211,146800
23.850000381469727,25.0,23.700000762939453,24.459999084472656,24.459999084472656,195600
24.399999618530273,24.399999618530273,22.809999465942383,23.559999465942383,23.559999465942383,127500
24.329999923706055,24.6200008392334,23.290000915527344,24.520000457763672,24.520000457763672,139300
24.1299991607666,25.479999542236328,23.780000686645508,24.149999618530273,24.149999618530273,131100
23.799999237060547,24.0,22.5,22.5,22.5,144500
22.309999465942383,22.969999313354492,21.90999984741211,22.68000030517578,22.68000030517578,116300
23.43000030517578,24.8700008392334,23.309999465942383,24.489999771118164,24.489999771118164,253800
24.459999084472656,24.84000015258789,23.40999984741211,24.729999542236328,24.729999542236328,128100
24.209999084472656,24.25,22.110000610351562,22.440000534057617,22.440000534057617,132900
22.299999237060547,22.299999237060547,21.1200008392334,21.1200008392334,21.1200008392334,97100
20.3799991607666,20.5,19.0,19.094999313354492,19.094999313354492,181700
19.5,19.989999771118164,18.90999984741211,19.149999618530273,19.149999618530273,65500
18.059999465942383,20.3700008392334,17.5,20.020000457763672,20.020000457763672,122400
20.979999542236328,20.979999542236328,19.540000915527344,19.989999771118164,19.989999771118164,90400
20.25,21.950000762939453,19.989999771118164,21.940000534057617,21.940000534057617,112700
22.649999618530273,23.43000030517578,22.579999923706055,23.0,23.0,59700
22.979999542236328,23.700000762939453,22.3799991607666,22.889999389648438,22.889999389648438,50700
23.260000228881836,23.260000228881836,21.100000381469727,21.139999389648438,21.139999389648438,60100
21.149999618530273,21.149999618530273,19.059999465942383,19.450000762939453,19.450000762939453,90600
19.25,19.5,18.239999771118164,18.610000610351562,18.610000610351562,58500
18.75,19.1299991607666,18.309999465942383,18.610000610351562,18.610000610351562,121300
20.780000686645508,20.780000686645508,19.84000015258789,20.290000915527344,20.290000915527344,103300
19.719999313354492,19.93000030517578,18.709999084472656,19.18000030517578,19.18000030517578,71900
18.90999984741211,19.209999084472656,18.600000381469727,18.600000381469727,18.600000381469727,40200
18.40999984741211,18.979999542236328,18.40999984741211,18.549999237060547,18.549999237060547,42200
18.56999969482422,18.989999771118164,18.5,18.920000076293945,18.920000076293945,49800
19.059999465942383,19.93000030517578,18.850000381469727,19.549999237060547,19.549999237060547,65300
19.579999923706055,19.850000381469727,19.09000015258789,19.25,19.25,105600
19.200000762939453,20.260000228881836,19.079999923706055,20.260000228881836,20.260000228881836,96800
20.489999771118164,20.549999237060547,19.950000762939453,20.229999542236328,20.229999542236328,72300
20.510000228881836,21.860000610351562,20.510000228881836,21.280000686645508,21.280000686645508,86400
21.280000686645508,21.549999237060547,20.829999923706055,21.079999923706055,21.079999923706055,68500
20.850000381469727,22.56999969482422,20.850000381469727,22.549999237060547,22.549999237060547,81300
23.299999237060547,23.299999237060547,21.969999313354492,21.989999771118164,21.989999771118164,119400
22.610000610351562,23.940000534057617,22.610000610351562,23.600000381469727,23.600000381469727,154500
23.979999542236328,24.139999389648438,23.6299991607666,23.8799991607666,23.8799991607666,66500
23.75,23.899999618530273,23.059999465942383,23.25,23.25,53600
23.700000762939453,23.700000762939453,21.8700008392334,22.010000228881836,22.010000228881836,66700
21.93000030517578,22.8799991607666,21.93000030517578,22.610000610351562,22.610000610351562,67100
22.5,22.979999542236328,21.670000076293945,22.139999389648438,22.139999389648438,50400
22.1200008392334,22.34000015258789,21.399999618530273,21.65999984741211,21.65999984741211,114900
21.59000015258789,21.59000015258789,20.200000762939453,20.440000534057617,20.440000534057617,67000
20.68000030517578,20.68000030517578,19.950000762939453,20.200000762939453,20.200000762939453,53500
20.540000915527344,20.540000915527344,19.31999969482422,19.31999969482422,19.31999969482422,87400
19.350000381469727,19.350000381469727,18.020000457763672,18.079999923706055,18.079999923706055,133300
18.309999465942383,18.6299991607666,18.079999923706055,18.079999923706055,18.079999923706055,43800
18.139999389648438,19.459999084472656,18.139999389648438,19.239999771118164,19.239999771118164,46600
19.0,19.440000534057617,18.299999237060547,18.690000534057617,18.690000534057617,69700
18.40999984741211,19.0,18.200000762939453,19.0,19.0,99300
19.079999923706055,19.729999542236328,19.079999923706055,19.40999984741211,19.40999984741211,40900
19.170000076293945,19.829999923706055,19.040000915527344,19.350000381469727,19.350000381469727,40000
19.989999771118164,19.989999771118164,19.44499969482422,19.639999389648438,19.639999389648438,90500
19.389999389648438,19.389999389648438,18.350000381469727,18.559999465942383,18.559999465942383,48000
18.190000534057617,18.969999313354492,17.8799991607666,18.90999984741211,18.90999984741211,69600
18.889999389648438,18.889999389648438,17.760000228881836,17.920000076293945,17.920000076293945,36500
18.139999389648438,18.399999618530273,17.809999465942383,17.920000076293945,17.920000076293945,26100
18.0,18.5,17.760000228881836,18.329999923706055,18.329999923706055,27700
18.209999084472656,18.31999969482422,17.5,17.579999923706055,17.579999923706055,31200
17.579999923706055,17.75,16.829999923706055,17.1299991607666,17.1299991607666,71400
17.010000228881836,17.25,16.75,16.93000030517578,16.93000030517578,49400
17.010000228881836,17.850000381469727,17.010000228881836,17.700000762939453,17.700000762939453,31600
17.600000381469727,17.600000381469727,16.049999237060547,16.559999465942383,16.559999465942383,85400
16.350000381469727,16.639999389648438,15.489999771118164,15.710000038146973,15.710000038146973,74800
14.670000076293945,14.729999542236328,13.0,13.239999771118164,13.239999771118164,190000
13.390000343322754,13.989999771118164,12.880000114440918,13.819999694824219,13.819999694824219,104000
13.5,13.90999984741211,12.119999885559082,12.130000114440918,12.130000114440918,196500
11.109999656677246,11.550000190734863,10.199999809265137,10.369999885559082,10.369999885559082,349700
11.0,11.539999961853027,10.800000190734863,11.5,11.5,174100
11.3100004196167,12.170000076293945,11.229999542236328,12.104999542236328,12.104999542236328,162200
12.039999961853027,12.649999618530273,11.960000038146973,12.220000267028809,12.220000267028809,48100
12.199999809265137,12.199999809265137,11.220000267028809,11.5600004196167,11.5600004196167,112200
11.59000015258789,12.09000015258789,11.319999694824219,11.680000305175781,11.680000305175781,87800
11.539999961853027,12.079999923706055,11.149999618530273,11.449999809265137,11.449999809265137,47800
11.640000343322754,12.329999923706055,11.25,11.40999984741211,11.40999984741211,76900
11.739999771118164,11.739999771118164,10.720000267028809,10.90999984741211,10.90999984741211,73100
10.899999618530273,11.149999618530273,10.899999618530273,11.020000457763672,11.020000457763672,60100
10.869999885559082,11.1899995803833,10.399999618530273,10.510000228881836,10.510000228881836,115100
10.609999656677246,10.699999809265137,10.119999885559082,10.397000312805176,10.397000312805176,84500
11.289999961853027,11.59000015258789,11.010000228881836,11.145000457763672,11.145000457763672,64500
11.149999618530273,11.4399995803833,10.350000381469727,10.649999618530273,10.649999618530273,43200
10.399999618530273,11.010000228881836,10.399999618530273,10.979999542236328,10.979999542236328,76100
11.0,11.0,10.40999984741211,10.494999885559082,10.494999885559082,31000
10.699999809265137,11.25,10.619999885559082,10.649999618530273,10.649999618530273,55300
10.25,10.920000076293945,10.119999885559082,10.65999984741211,10.65999984741211,55500
10.649999618530273,10.694999694824219,10.479999542236328,10.539999961853027,10.539999961853027,47300
10.489999771118164,10.630000114440918,10.34000015258789,10.40999984741211,10.40999984741211,55300
10.270000457763672,10.319999694824219,9.819999694824219,9.937000274658203,9.937000274658203,87700
8.119999885559082,8.989999771118164,7.820000171661377,8.0,8.0,183000
7.980000019073486,8.220000267028809,7.510000228881836,7.510000228881836,7.510000228881836,95200
7.849999904632568,8.300000190734863,7.349999904632568,8.180000305175781,8.180000305175781,439800
8.149999618530273,8.1899995803833,7.679999828338623,7.820000171661377,7.820000171661377,214800
7.570000171661377,7.869999885559082,7.409999847412109,7.650000095367432,7.650000095367432,73500
7.630000114440918,8.170000076293945,7.630000114440918,7.828000068664551,7.828000068664551,96500
7.71999979019165,7.820000171661377,7.394999980926514,7.39900016784668,7.39900016784668,67300
7.420000076293945,7.800000190734863,7.400000095367432,7.679999828338623,7.679999828338623,43100
7.630000114440918,8.149999618530273,7.630000114440918,8.130000114440918,8.130000114440918,72700
7.949999809265137,7.989999771118164,7.670000076293945,7.869999885559082,7.869999885559082,46000
8.199999809265137,8.199999809265137,7.5,7.510000228881836,7.510000228881836,53000
7.5,7.630000114440918,7.125,7.150000095367432,7.150000095367432,107800
7.050000190734863,7.539999961853027,6.519999980926514,7.139999866485596,7.139999866485596,267600
7.139999866485596,7.539999961853027,7.110000133514404,7.1539998054504395,7.1539998054504395,54100
7.179999828338623,7.349999904632568,7.010000228881836,7.300000190734863,7.300000190734863,109900
7.199999809265137,7.300000190734863,6.809999942779541,6.920000076293945,6.920000076293945,310200
7.099999904632568,7.440000057220459,6.920000076293945,7.400000095367432,7.400000095367432,595400
7.223999977111816,7.489999771118164,7.170000076293945,7.400000095367432,7.400000095367432,69900
7.269999980926514,7.269999980926514,6.860000133514404,6.96999979019165,6.96999979019165,82800
7.340000152587891,7.340000152587891,6.710000038146973,7.239999771118164,7.239999771118164,243300
7.300000190734863,7.559999942779541,7.0,7.46999979019165,7.46999979019165,65800
7.46999979019165,8.34000015258789,7.46999979019165,8.100000381469727,8.100000381469727,39000
8.890000343322754,8.890000343322754,8.289999961853027,8.675000190734863,8.675000190734863,186300
8.75,9.600000381469727,8.75,8.968999862670898,8.968999862670898,88300
9.399999618530273,10.380000114440918,9.399999618530273,10.300000190734863,10.300000190734863,267700
10.300000190734863,10.470000267028809,9.899999618530273,9.930000305175781,9.930000305175781,122500
9.729999542236328,9.899999618530273,9.420000076293945,9.744999885559082,9.744999885559082,56500
9.869999885559082,10.109999656677246,9.0,9.295000076293945,9.295000076293945,59700
9.1899995803833,9.399999618530273,8.5,8.850000381469727,8.850000381469727,70800
8.789999961853027,8.789999961853027,8.300000190734863,8.345000267028809,8.345000267028809,35800
8.520000457763672,9.15999984741211,8.149999618530273,9.050000190734863,9.050000190734863,49800
9.050000190734863,9.729999542236328,9.020000457763672,9.5,9.5,72300
10.0,10.0,9.449999809265137,9.899999618530273,9.899999618530273,92000
10.050000190734863,10.050000190734863,9.460000038146973,9.550000190734863,9.550000190734863,40500
9.4399995803833,9.869999885559082,9.380000114440918,9.600000381469727,9.600000381469727,38500
9.600000381469727,9.930000305175781,9.5,9.864999771118164,9.864999771118164,34500
9.899999618530273,9.899999618530273,9.329999923706055,9.34000015258789,9.34000015258789,26800
9.149999618530273,9.850000381469727,9.149999618530273,9.479999542236328,9.479999542236328,42900
9.75,10.220000267028809,9.75,9.899999618530273,9.899999618530273,62800
9.899999618530273,9.899999618530273,9.399999618530273,9.619999885559082,9.619999885559082,64400
10.031000137329102,10.210000038146973,9.829999923706055,9.920000076293945,9.920000076293945,36200
10.34000015258789,10.390000343322754,9.960000038146973,9.970000267028809,9.970000267028809,56900
9.989999771118164,10.109999656677246,9.829999923706055,10.0,10.0,26600
10.0,10.34000015258789,9.930000305175781,10.329999923706055,10.329999923706055,120400
10.279999732971191,10.279999732971191,9.949999809265137,10.0,10.0,79800
10.199999809265137,10.199999809265137,9.199999809265137,9.289999961853027,9.289999961853027,76400
9.289999961853027,9.489999771118164,9.260000228881836,9.449999809265137,9.449999809265137,24300
9.039999961853027,9.039999961853027,8.40999984741211,8.600000381469727,8.600000381469727,52900
8.40999984741211,8.5,8.069999694824219,8.239999771118164,8.239999771118164,38100
8.239999771118164,8.699999809265137,8.239999771118164,8.630000114440918,8.630000114440918,28700
8.34000015258789,8.760000228881836,8.335000038146973,8.725000381469727,8.725000381469727,18900
8.800000190734863,8.960000038146973,8.649999618530273,8.779999732971191,8.779999732971191,23200
8.699999809265137,9.119999885559082,8.270000457763672,8.600000381469727,8.600000381469727,113700
8.020000457763672,8.479999542236328,8.020000457763672,8.460000038146973,8.460000038146973,28000
8.359999656677246,8.630000114440918,8.170000076293945,8.449999809265137,8.449999809265137,36000
8.5,8.779999732971191,8.319999694824219,8.51099967956543,8.51099967956543,18300
8.260000228881836,8.359999656677246,8.09000015258789,8.119999885559082,8.119999885559082,29500
8.494999885559082,8.75,8.3100004196167,8.335000038146973,8.335000038146973,26200
8.649999618530273,8.710000038146973,8.029999732971191,8.140000343322754,8.140000343322754,38400
8.050000190734863,8.34000015258789,8.0,8.300000190734863,8.300000190734863,41900
8.199999809265137,8.479999542236328,8.199999809265137,8.449999809265137,8.449999809265137,20100
8.75,9.09000015258789,8.595000267028809,8.9399995803833,8.9399995803833,47800
9.100000381469727,9.25,8.850000381469727,8.932999610900879,8.932999610900879,45100
8.84000015258789,8.84000015258789,8.149999618530273,8.180000305175781,8.180000305175781,26400
8.140000343322754,8.359999656677246,8.039999961853027,8.069999694824219,8.069999694824219,16700
8.069999694824219,8.239999771118164,7.820000171661377,7.960000038146973,7.960000038146973,43400
7.809999942779541,7.869999885559082,7.599999904632568,7.675000190734863,7.675000190734863,31900
7.400000095367432,7.599999904632568,7.300000190734863,7.599999904632568,7.599999904632568,43600
7.239999771118164,7.5,7.239999771118164,7.320000171661377,7.320000171661377,47900
7.210000038146973,7.599999904632568,7.179999828338623,7.320000171661377,7.320000171661377,28600
7.300000190734863,7.320000171661377,7.019999980926514,7.21999979019165,7.21999979019165,48300
7.21999979019165,7.21999979019165,6.860000133514404,6.980000019073486,6.980000019073486,35700
7.019999980926514,7.340000152587891,7.019999980926514,7.28000020980835,7.28000020980835,26800
7.409999847412109,7.630000114440918,7.150000095367432,7.179999828338623,7.179999828338623,20400
7.289999961853027,7.46999979019165,7.25,7.46999979019165,7.46999979019165,23300
7.489999771118164,7.519999980926514,7.159999847412109,7.25,7.25,39700
7.239999771118164,7.465000152587891,7.139999866485596,7.300000190734863,7.300000190734863,27900
7.21999979019165,7.340000152587891,7.170000076293945,7.340000152587891,7.340000152587891,25200
7.400000095367432,7.579999923706055,7.130000114440918,7.25,7.25,142500
7.25,7.25,7.099999904632568,7.159999847412109,7.159999847412109,37400
7.070000171661377,7.25,7.059999942779541,7.072999954223633,7.072999954223633,28000
7.0,7.050000190734863,6.75,6.829999923706055,6.829999923706055,38100
6.880000114440918,6.880000114440918,6.699999809265137,6.730000019073486,6.730000019073486,37300
6.699999809265137,6.800000190734863,6.610000133514404,6.619999885559082,6.619999885559082,29100
6.75,6.75,6.59499979019165,6.599999904632568,6.599999904632568,23200
6.539999961853027,6.789999961853027,6.25,6.699999809265137,6.699999809265137,63300
6.900000095367432,7.039999961853027,6.389999866485596,6.559999942779541,6.559999942779541,35700
6.690000057220459,6.800000190734863,6.53000020980835,6.769999980926514,6.769999980926514,53100
6.769999980926514,6.769999980926514,6.610000133514404,6.65500020980835,6.65500020980835,24900
6.639999866485596,6.679999828338623,6.320000171661377,6.559999942779541,6.559999942779541,21900
6.659999847412109,6.690000057220459,6.260000228881836,6.578000068664551,6.578000068664551,26900
6.380000114440918,6.659999847412109,6.369999885559082,6.46999979019165,6.46999979019165,65200
6.5,6.699999809265137,6.460000038146973,6.605000019073486,6.605000019073486,44900
6.760000228881836,7.340000152587891,6.550000190734863,7.239999771118164,7.239999771118164,79900
7.510000228881836,7.605000019073486,7.28000020980835,7.369999885559082,7.369999885559082,63800
7.440000057220459,7.440000057220459,7.019999980926514,7.132999897003174,7.132999897003174,65500
7.119999885559082,7.380000114440918,7.010000228881836,7.25,7.25,95600
7.53000020980835,7.53000020980835,7.010000228881836,7.079999923706055,7.079999923706055,35300
7.340000152587891,7.340000152587891,7.010000228881836,7.099999904632568,7.099999904632568,20700
7.130000114440918,7.289999961853027,7.0,7.0,7.0,41500
7.0,7.070000171661377,6.869999885559082,7.039999961853027,7.039999961853027,16100
7.070000171661377,7.5,7.070000171661377,7.429999828338623,7.429999828338623,54500
7.46999979019165,7.809999942779541,7.190000057220459,7.679999828338623,7.679999828338623,103600
7.329999923706055,7.639999866485596,6.25,6.434999942779541,6.434999942779541,228600
6.239999771118164,6.239999771118164,5.099999904632568,5.349999904632568,5.349999904632568,261200
5.650000095367432,6.699999809265137,5.300000190734863,6.699999809265137,6.699999809265137,374100
6.199999809265137,6.230000019073486,5.510000228881836,5.900000095367432,5.900000095367432,137400
5.699999809265137,5.920000076293945,5.300000190734863,5.480000019073486,5.480000019073486,129900
5.650000095367432,5.940000057220459,5.539999961853027,5.650000095367432,5.650000095367432,82100
5.5,5.650000095367432,5.28000020980835,5.349999904632568,5.349999904632568,55500
5.230000019073486,5.400000095367432,5.215000152587891,5.349999904632568,5.349999904632568,34700
5.150000095367432,5.289999961853027,4.699999809265137,4.889999866485596,4.889999866485596,190200
4.800000190734863,4.800000190734863,4.034999847412109,4.550000190734863,4.550000190734863,324600
4.699999809265137,5.090000152587891,4.559999942779541,4.639999866485596,4.639999866485596,189000
4.659999847412109,4.909999847412109,4.610000133514404,4.690000057220459,4.690000057220459,156000
4.699999809265137,4.800000190734863,4.699999809265137,4.769999980926514,4.769999980926514,41400
4.760000228881836,4.760000228881836,4.570000171661377,4.710000038146973,4.710000038146973,42700
4.989999771118164,5.0,4.559999942779541,4.650000095367432,4.650000095367432,56000
4.78000020980835,5.0,4.690000057220459,4.880000114440918,4.880000114440918,96800
4.880000114440918,4.900000095367432,4.659999847412109,4.699999809265137,4.699999809265137,43600
4.570000171661377,5.050000190734863,4.570000171661377,4.829999923706055,4.829999923706055,42900
4.769999980926514,4.929999828338623,4.75,4.929999828338623,4.929999828338623,47500
4.860000133514404,4.880000114440918,4.610000133514404,4.690000057220459,4.690000057220459,67100
4.610000133514404,4.76200008392334,4.409999847412109,4.53000020980835,4.53000020980835,61400
4.510000228881836,4.599999904632568,4.400000095367432,4.519999980926514,4.519999980926514,89300
4.5,4.650000095367432,4.409999847412109,4.519999980926514,4.519999980926514,62100
4.360000133514404,4.519999980926514,4.329999923706055,4.460000038146973,4.460000038146973,41000
4.559999942779541,4.639999866485596,4.340000152587891,4.4679999351501465,4.4679999351501465,62200
4.420000076293945,4.690000057220459,4.300000190734863,4.369999885559082,4.369999885559082,134600
4.349999904632568,4.386000156402588,4.260000228881836,4.269999980926514,4.269999980926514,56600
4.25,4.25,4.039999961853027,4.099999904632568,4.099999904632568,74700
4.050000190734863,4.099999904632568,4.0,4.03000020980835,4.03000020980835,68200
4.019999980926514,4.639999866485596,4.0,4.610000133514404,4.610000133514404,305000
4.480000019073486,4.5,4.130000114440918,4.199999809265137,4.199999809265137,69300
4.070000171661377,4.289999961853027,4.019999980926514,4.289999961853027,4.289999961853027,150400
4.210000038146973,4.409999847412109,4.070000171661377,4.340000152587891,4.340000152587891,78900
4.369999885559082,4.400000095367432,4.050000190734863,4.099999904632568,4.099999904632568,75400
4.010000228881836,4.159999847412109,4.0,4.059999942779541,4.059999942779541,96000
4.0,4.099999904632568,3.930000066757202,3.930000066757202,3.930000066757202,120600
3.9000000953674316,3.9800000190734863,3.809999942779541,3.8299999237060547,3.8299999237060547,142700
3.880000114440918,3.9200000762939453,3.75,3.7679998874664307,3.7679998874664307,110800
3.809999942779541,4.170000076293945,3.809999942779541,4.059999942779541,4.059999942779541,104100
4.019999980926514,4.25,4.019999980926514,4.099999904632568,4.099999904632568,57400
4.050000190734863,4.349999904632568,4.03000020980835,4.28000020980835,4.28000020980835,35800
4.460000038146973,4.849999904632568,4.300000190734863,4.824999809265137,4.824999809265137,167800
4.814000129699707,5.139999866485596,4.670000076293945,5.119999885559082,5.119999885559082,57400
5.090000152587891,5.190000057220459,4.900000095367432,5.190000057220459,5.190000057220459,85500
5.199999809265137,6.070000171661377,5.199999809265137,5.909999847412109,5.909999847412109,127300
5.909999847412109,6.050000190734863,5.789999961853027,6.0,6.0,84800
6.5,6.730000019073486,6.409999847412109,6.679999828338623,6.679999828338623,100200
6.659999847412109,6.909999847412109,5.760000228881836,5.800000190734863,5.800000190734863,135700
6.079999923706055,6.309999942779541,5.980000019073486,6.309999942779541,6.309999942779541,46800
6.289999961853027,6.739999771118164,6.179999828338623,6.71999979019165,6.71999979019165,79500
6.820000171661377,6.820000171661377,6.349999904632568,6.590000152587891,6.590000152587891,79100
6.590000152587891,6.639999866485596,6.380000114440918,6.5,6.5,41000
6.579999923706055,6.579999923706055,6.210000038146973,6.340000152587891,6.340000152587891,54200
6.449999809265137,6.519999980926514,6.329999923706055,6.460000038146973,6.460000038146973,31800
6.429999828338623,6.429999828338623,6.190000057220459,6.320000171661377,6.320000171661377,105600
6.019999980926514,6.320000171661377,5.949999809265137,5.949999809265137,5.949999809265137,71300
5.980000019073486,6.150000095367432,5.980000019073486,6.010000228881836,6.010000228881836,66000
6.039999961853027,6.210000038146973,5.840000152587891,6.190000057220459,6.190000057220459,105300
6.255000114440918,6.610000133514404,6.159999847412109,6.21999979019165,6.21999979019165,153300
6.199999809265137,6.21999979019165,5.880000114440918,5.909999847412109,5.909999847412109,44200
5.920000076293945,6.389999866485596,5.880000114440918,6.150000095367432,6.150000095367432,111000
6.204999923706055,6.204999923706055,5.849999904632568,5.989999771118164,5.989999771118164,73700
5.900000095367432,6.019999980926514,5.809999942779541,5.940000057220459,5.940000057220459,75700
5.989999771118164,5.989999771118164,5.519999980926514,5.519999980926514,5.519999980926514,51800
5.559999942779541,5.590000152587891,5.309999942779541,5.53000020980835,5.53000020980835,44100
5.920000076293945,5.96999979019165,5.309999942779541,5.349999904632568,5.349999904632568,28800
5.429999828338623,5.730000019073486,5.309999942779541,5.570000171661377,5.570000171661377,31000
5.650000095367432,6.059999942779541,5.574999809265137,6.059999942779541,6.059999942779541,66400
6.289999961853027,6.420000076293945,6.0,6.0,6.0,80000
5.949999809265137,6.309999942779541,5.829999923706055,6.164999961853027,6.164999961853027,52000
6.059999942779541,6.320000171661377,6.059999942779541,6.25,6.25,103000
6.260000228881836,6.269999980926514,6.079999923706055,6.110000133514404,6.110000133514404,44000
6.139999866485596,6.400000095367432,6.139999866485596,6.269999980926514,6.269999980926514,35700
6.245999813079834,6.245999813079834,6.03000020980835,6.111999988555908,6.111999988555908,43700
6.070000171661377,6.190000057220459,5.76800012588501,5.947999954223633,5.947999954223633,45700
5.849999904632568,6.019999980926514,5.849999904632568,6.010000228881836,6.010000228881836,27700
6.010000228881836,6.138000011444092,6.0,6.0320000648498535,6.0320000648498535,15400
5.989999771118164,6.03000020980835,5.78000020980835,5.949999809265137,5.949999809265137,29600
5.5,6.019999980926514,5.5,5.860000133514404,5.860000133514404,48600
5.880000114440918,5.961999893188477,5.840000152587891,5.840000152587891,5.840000152587891,16600
5.849999904632568,6.28000020980835,5.400000095367432,6.119999885559082,6.119999885559082,90700
6.125,6.25,5.989999771118164,6.059999942779541,6.059999942779541,50200
6.059999942779541,6.059999942779541,5.550000190734863,5.579999923706055,5.579999923706055,49200
5.340000152587891,5.610000133514404,5.130000114440918,5.269999980926514,5.269999980926514,128400
5.650000095367432,6.25,5.409999847412109,6.0,6.0,94700
6.320000171661377,6.550000190734863,6.090000152587891,6.179999828338623,6.179999828338623,87400
6.079999923706055,6.199999809265137,5.829999923706055,5.880000114440918,5.880000114440918,46100
5.849999904632568,6.159999847412109,5.849999904632568,6.059999942779541,6.059999942779541,31400
6.489999771118164,6.630000114440918,6.420000076293945,6.550000190734863,6.550000190734863,77900
6.829999923706055,6.900000095367432,6.639999866485596,6.900000095367432,6.900000095367432,81300
6.949999809265137,6.989999771118164,6.800000190734863,6.849999904632568,6.849999904632568,171200
6.949999809265137,7.039999961853027,6.489999771118164,6.579999923706055,6.579999923706055,99300
6.659999847412109,7.099999904632568,6.61299991607666,7.0,7.0,77700
7.0,7.0,6.610000133514404,6.739999771118164,6.739999771118164,26000
6.659999847412109,6.690000057220459,6.320000171661377,6.460000038146973,6.460000038146973,19400
6.159999847412109,6.864999771118164,6.159999847412109,6.864999771118164,6.864999771118164,46200
7.059999942779541,7.380000114440918,6.96999979019165,7.03000020980835,7.03000020980835,53100
7.150000095367432,7.150000095367432,6.699999809265137,6.809999942779541,6.809999942779541,74200
6.710000038146973,7.0,6.659999847412109,6.900000095367432,6.900000095367432,97200
6.900000095367432,7.0,6.389999866485596,6.670000076293945,6.670000076293945,266500
6.559999942779541,6.769999980926514,6.510000228881836,6.684999942779541,6.684999942779541,36000
6.693999767303467,6.840000152587891,6.679999828338623,6.78000020980835,6.78000020980835,33300
6.690000057220459,6.880000114440918,6.380000114440918,6.670000076293945,6.670000076293945,141600
6.692999839782715,7.190000057220459,6.692999839782715,7.190000057220459,7.190000057220459,88400
7.420000076293945,7.610000133514404,7.309999942779541,7.460000038146973,7.460000038146973,69100
7.489999771118164,7.590000152587891,7.349999904632568,7.400000095367432,7.400000095367432,28100
7.599999904632568,7.880000114440918,7.599999904632568,7.840000152587891,7.840000152587891,66900
7.980000019073486,8.0,7.610000133514404,7.670000076293945,7.670000076293945,83200
7.690000057220459,7.690000057220459,7.440000057220459,7.440000057220459,7.440000057220459,46100
7.679999828338623,7.75,7.545000076293945,7.545000076293945,7.545000076293945,43800
7.449999809265137,7.449999809265137,7.25,7.300000190734863,7.300000190734863,35300
7.21999979019165,7.21999979019165,6.769999980926514,6.800000190734863,6.800000190734863,57600
6.809999942779541,7.079999923706055,6.670000076293945,6.7230000495910645,6.7230000495910645,51600
6.639999866485596,6.889999866485596,6.599999904632568,6.675000190734863,6.675000190734863,45300
6.690000057220459,6.730000019073486,6.559999942779541,6.599999904632568,6.599999904632568,39300
6.900000095367432,7.099999904632568,6.559999942779541,6.570000171661377,6.570000171661377,74700
6.690000057220459,6.949999809265137,6.690000057220459,6.869999885559082,6.869999885559082,18800
6.800000190734863,7.0,6.584000110626221,6.849999904632568,6.849999904632568,28600
6.829999923706055,6.849999904632568,6.570000171661377,6.590000152587891,6.590000152587891,48000
6.699999809265137,6.820000171661377,6.53000020980835,6.809999942779541,6.809999942779541,41200
6.800000190734863,6.809999942779541,6.679999828338623,6.679999828338623,6.679999828338623,22300
6.679999828338623,6.989999771118164,6.679999828338623,6.909999847412109,6.909999847412109,18500
6.96999979019165,7.159999847412109,6.860000133514404,7.105000019073486,7.105000019073486,16300
6.860000133514404,6.860000133514404,6.539999961853027,6.670000076293945,6.670000076293945,48600
6.53000020980835,7.0,6.53000020980835,6.65500020980835,6.65500020980835,46300
6.670000076293945,6.789999961853027,6.429999828338623,6.617000102996826,6.617000102996826,34600
6.739999771118164,6.739999771118164,6.284999847412109,6.320000171661377,6.320000171661377,44600
6.25,6.349999904632568,6.150000095367432,6.25,6.25,38900
6.230000019073486,6.449999809265137,6.230000019073486,6.420000076293945,6.420000076293945,25900
6.36299991607666,6.394000053405762,6.210000038146973,6.260000228881836,6.260000228881836,28400
6.210000038146973,6.320000171661377,6.059999942779541,6.269999980926514,6.269999980926514,37200
6.28000020980835,6.300000190734863,6.079999923706055,6.25,6.25,24200
6.889999866485596,6.889999866485596,6.21999979019165,6.295000076293945,6.295000076293945,18000
6.159999847412109,6.300000190734863,6.159999847412109,6.21999979019165,6.21999979019165,15700
6.28000020980835,6.349999904632568,6.199999809265137,6.214000225067139,6.214000225067139,21200
6.190000057220459,6.210000038146973,6.010000228881836,6.150000095367432,6.150000095367432,20000
6.03000020980835,6.079999923706055,5.880000114440918,5.929999828338623,5.929999828338623,41800
5.900000095367432,6.75,5.880000114440918,6.300000190734863,6.300000190734863,142500
6.329999923706055,6.78000020980835,6.329999923706055,6.75,6.75,38600
6.619999885559082,6.679999828338623,6.394999980926514,6.519999980926514,6.519999980926514,15900
6.519999980926514,6.730000019073486,6.25,6.550000190734863,6.550000190734863,34800
6.570000171661377,6.599999904632568,6.449999809265137,6.599999904632568,6.599999904632568,22900
6.420000076293945,6.460000038146973,6.119999885559082,6.139999866485596,6.139999866485596,25000
6.210000038146973,6.409999847412109,6.010000228881836,6.400000095367432,6.400000095367432,19900
6.420000076293945,6.440000057220459,6.130000114440918,6.179999828338623,6.179999828338623,23200
6.110000133514404,6.340000152587891,6.110000133514404,6.269999980926514,6.269999980926514,27500
6.170000076293945,6.244999885559082,6.09499979019165,6.110000133514404,6.110000133514404,11100
6.050000190734863,6.1529998779296875,5.949999809265137,5.949999809265137,5.949999809265137,120700
5.949999809265137,6.099999904632568,5.949999809265137,6.005000114440918,6.005000114440918,34900
5.800000190734863,5.960000038146973,5.75,5.869999885559082,5.869999885559082,94400
5.980000019073486,5.980000019073486,5.619999885559082,5.840000152587891,5.840000152587891,74900
5.75,6.25,5.75,6.239999771118164,6.239999771118164,37300
6.389999866485596,7.059999942779541,6.269999980926514,7.059999942779541,7.059999942779541,180600
7.349999904632568,8.369999885559082,7.309999942779541,7.900000095367432,7.900000095367432,238300
7.909999847412109,8.15999984741211,7.539999961853027,8.020000457763672,8.020000457763672,66800
7.760000228881836,8.359999656677246,7.699999809265137,8.3100004196167,8.3100004196167,69300
8.350000381469727,8.350000381469727,8.079999923706055,8.149999618530273,8.149999618530273,49800
8.34000015258789,8.640000343322754,8.149999618530273,8.600000381469727,8.600000381469727,43000
8.359999656677246,9.180000305175781,8.359999656677246,8.75,8.75,160000
8.8100004196167,9.050000190734863,8.510000228881836,8.550000190734863,8.550000190734863,91300
8.569999694824219,8.770000457763672,8.0600004196167,8.109999656677246,8.109999656677246,175700
8.170000076293945,8.350000381469727,8.119999885559082,8.300000190734863,8.300000190734863,155800
8.300000190734863,8.350000381469727,8.050000190734863,8.050000190734863,8.050000190734863,62900
8.020000457763672,8.289999961853027,8.0,8.210000038146973,8.210000038146973,97100
8.130000114440918,8.420000076293945,8.130000114440918,8.359999656677246,8.359999656677246,29800
8.350000381469727,8.649999618530273,8.350000381469727,8.619999885559082,8.619999885559082,23700
8.779999732971191,9.199999809265137,8.520000457763672,8.989999771118164,8.989999771118164,70200
9.050000190734863,9.199999809265137,8.899999618530273,8.90999984741211,8.90999984741211,55000
8.899999618530273,10.199999809265137,8.899999618530273,10.199999809265137,10.199999809265137,169900
10.229999542236328,10.779999732971191,9.510000228881836,9.635000228881836,9.635000228881836,143800
9.600000381469727,10.0,9.539999961853027,9.539999961853027,9.539999961853027,71400
9.550000190734863,9.859999656677246,9.550000190734863,9.744999885559082,9.744999885559082,35700
9.869999885559082,10.039999961853027,9.75,9.942999839782715,9.942999839782715,74600
9.949999809265137,10.0,9.260000228881836,9.300000190734863,9.300000190734863,85000
9.270000457763672,9.729999542236328,9.161999702453613,9.220000267028809,9.220000267028809,40200
9.130000114440918,9.149999618530273,8.850000381469727,9.0,9.0,46000
9.010000228881836,9.15999984741211,9.010000228881836,9.069999694824219,9.069999694824219,28100
9.170000076293945,9.180000305175781,9.0,9.09000015258789,9.09000015258789,21800
9.079999923706055,9.234999656677246,8.869999885559082,8.899999618530273,8.899999618530273,53300
8.949999809265137,9.0600004196167,8.842000007629395,8.899999618530273,8.899999618530273,39700
8.989999771118164,9.619999885559082,8.954999923706055,9.350000381469727,9.350000381469727,51200
9.350000381469727,9.350000381469727,8.789999961853027,8.989999771118164,8.989999771118164,32500
9.0,9.0,8.84000015258789,8.90999984741211,8.90999984741211,28800
8.710000038146973,8.949999809265137,8.710000038146973,8.92300033569336,8.92300033569336,32800
8.710000038146973,8.979999542236328,8.5,8.720000267028809,8.720000267028809,96100
8.720000267028809,8.960000038146973,8.5600004196167,8.699999809265137,8.699999809265137,30800
8.6899995803833,9.180000305175781,8.6899995803833,9.074000358581543,9.074000358581543,34200
9.010000228881836,9.1899995803833,9.010000228881836,9.010000228881836,9.010000228881836,11900
9.039999961853027,9.041999816894531,8.90999984741211,8.989999771118164,8.989999771118164,10700
8.579999923706055,8.960000038146973,8.579999923706055,8.949999809265137,8.949999809265137,23200
8.800000190734863,9.010000228881836,8.579999923706055,8.895000457763672,8.895000457763672,21100
8.9399995803833,8.979999542236328,8.729999542236328,8.899999618530273,8.899999618530273,35900
8.899999618530273,8.899999618530273,8.359999656677246,8.720000267028809,8.720000267028809,31400
8.630000114440918,8.699999809265137,8.289999961853027,8.289999961853027,8.289999961853027,49500
8.0600004196167,8.1899995803833,7.880000114440918,8.010000228881836,8.010000228881836,43400
7.920000076293945,8.079999923706055,7.909999847412109,8.079999923706055,8.079999923706055,15100
8.210000038146973,8.248000144958496,7.909999847412109,8.09000015258789,8.09000015258789,46000
7.860000133514404,8.3100004196167,7.860000133514404,8.289999961853027,8.289999961853027,41900
7.960000038146973,8.069999694824219,7.739999771118164,7.880000114440918,7.880000114440918,89400
8.0,8.079999923706055,7.760000228881836,7.800000190734863,7.800000190734863,30200
7.71999979019165,7.889999866485596,7.71999979019165,7.860000133514404,7.860000133514404,9000
7.860000133514404,10.550000190734863,7.75,9.600000381469727,9.600000381469727,224400
9.600000381469727,9.600000381469727,9.020000457763672,9.130000114440918,9.130000114440918,56800
9.119999885559082,9.119999885559082,8.550000190734863,8.59000015258789,8.59000015258789,30000
8.579999923706055,8.579999923706055,8.119999885559082,8.300000190734863,8.300000190734863,44800
8.375,8.619999885559082,8.284000396728516,8.399999618530273,8.399999618530273,27500
8.399999618530273,8.630000114440918,8.3100004196167,8.34000015258789,8.34000015258789,15800
8.369999885559082,8.470000267028809,8.279999732971191,8.435999870300293,8.435999870300293,27100
8.399999618530273,8.6899995803833,8.399999618530273,8.6899995803833,8.6899995803833,39400
8.5600004196167,8.579999923706055,8.029999732971191,8.100000381469727,8.100000381469727,143000
8.329999923706055,8.550000190734863,8.300000190734863,8.34000015258789,8.34000015258789,35200
8.449999809265137,8.59000015258789,8.279999732971191,8.479999542236328,8.479999542236328,31600
8.600000381469727,8.739999771118164,8.350000381469727,8.670000076293945,8.670000076293945,53600
8.670000076293945,8.670000076293945,8.380000114440918,8.460000038146973,8.460000038146973,36500
8.600000381469727,8.725000381469727,8.510000228881836,8.510000228881836,8.510000228881836,32300
8.680000305175781,8.680000305175781,8.5,8.649999618530273,8.649999618530273,59500
8.649999618530273,8.6899995803833,8.520000457763672,8.579999923706055,8.579999923706055,34200
8.460000038146973,8.510000228881836,8.319999694824219,8.319999694824219,8.319999694824219,45200
8.489999771118164,8.489999771118164,8.34000015258789,8.34000015258789,8.34000015258789,18300
8.630000114440918,8.630000114440918,8.229999542236328,8.307999610900879,8.307999610900879,14400
8.420000076293945,8.420000076293945,8.109999656677246,8.109999656677246,8.109999656677246,40000
8.300000190734863,8.300000190734863,8.119999885559082,8.164999961853027,8.164999961853027,20200
8.220000267028809,8.4399995803833,8.130000114440918,8.300000190734863,8.300000190734863,43500
8.460000038146973,8.460000038146973,8.317000389099121,8.34000015258789,8.34000015258789,22300
8.859999656677246,9.140000343322754,8.609999656677246,8.850000381469727,8.850000381469727,148200
8.75,8.829999923706055,8.449999809265137,8.449999809265137,8.449999809265137,35400
8.5,8.57699966430664,8.420000076293945,8.503000259399414,8.503000259399414,24300
8.579999923706055,8.637999534606934,8.449999809265137,8.5,8.5,22400
8.520000457763672,8.630000114440918,8.449999809265137,8.529999732971191,8.529999732971191,52200
8.5,8.579999923706055,8.390000343322754,8.5600004196167,8.5600004196167,37500
8.460000038146973,8.609999656677246,8.449999809265137,8.460000038146973,8.460000038146973,56700
8.399999618530273,8.479999542236328,8.229999542236328,8.399999618530273,8.399999618530273,24400
8.229999542236328,8.359999656677246,8.140000343322754,8.21500015258789,8.21500015258789,24600
8.220000267028809,8.489999771118164,8.199999809265137,8.289999961853027,8.289999961853027,34800
8.710000038146973,9.329999923706055,8.710000038146973,9.210000038146973,9.210000038146973,169200
9.199999809265137,9.350000381469727,9.140000343322754,9.220000267028809,9.220000267028809,83700
9.25,9.6899995803833,9.210000038146973,9.6899995803833,9.6899995803833,77300
9.6899995803833,10.319999694824219,9.6899995803833,10.289999961853027,10.289999961853027,141600
10.75,10.989999771118164,10.260000228881836,10.930000305175781,10.930000305175781,97300
11.100000381469727,13.0,11.0,11.90999984741211,11.90999984741211,274600
13.0,13.199999809265137,12.220000267028809,12.600000381469727,12.600000381469727,121200
12.75,13.460000038146973,12.529999732971191,13.300000190734863,13.300000190734863,85200
12.949999809265137,13.140000343322754,12.65999984741211,12.710000038146973,12.710000038146973,90500
12.649999618530273,12.720000267028809,11.649999618530273,11.960000038146973,11.960000038146973,75200
12.050000190734863,12.979999542236328,11.90999984741211,12.6899995803833,12.6899995803833,89000
12.640000343322754,12.699999809265137,12.260000228881836,12.5,12.5,33400
12.550000190734863,12.6899995803833,12.449999809265137,12.5600004196167,12.5600004196167,23800
12.970000267028809,13.109999656677246,12.819999694824219,13.0,13.0,54000
12.829999923706055,13.029999732971191,12.829999923706055,13.0,13.0,54000
13.020000457763672,13.420000076293945,13.020000457763672,13.100000381469727,13.100000381469727,55000
13.039999961853027,13.039999961853027,12.5,12.800000190734863,12.800000190734863,301600
12.899999618530273,13.010000228881836,12.6899995803833,12.920000076293945,12.920000076293945,93100
13.600000381469727,13.819999694824219,13.119999885559082,13.329999923706055,13.329999923706055,220000
13.539999961853027,13.970000267028809,13.369999885559082,13.619999885559082,13.619999885559082,308000
13.300000190734863,14.329999923706055,13.300000190734863,14.100000381469727,14.100000381469727,169200
14.100000381469727,14.1899995803833,13.319999694824219,13.350000381469727,13.350000381469727,137600
13.449999809265137,14.149999618530273,13.449999809265137,13.859999656677246,13.859999656677246,235100
13.880000114440918,14.050000190734863,13.59000015258789,13.604999542236328,13.604999542236328,108500
13.600000381469727,13.949999809265137,13.449999809265137,13.949999809265137,13.949999809265137,68800
13.970000267028809,15.0,13.970000267028809,14.84000015258789,14.84000015258789,92000
14.65999984741211,14.869999885559082,14.359999656677246,14.720000267028809,14.720000267028809,76000
14.710000038146973,15.229999542236328,14.609999656677246,15.199999809265137,15.199999809265137,51900
15.989999771118164,16.1200008392334,15.510000228881836,15.815999984741211,15.815999984741211,109700
15.5,15.819999694824219,15.25,15.600000381469727,15.600000381469727,109600
15.970000267028809,16.610000610351562,15.729999542236328,16.59000015258789,16.59000015258789,98400
16.559999465942383,16.559999465942383,15.390000343322754,16.0,16.0,241200
15.869999885559082,16.0,15.420000076293945,15.739999771118164,15.739999771118164,102800
15.829999923706055,16.440000534057617,15.829999923706055,16.25,16.25,195700
17.239999771118164,17.579999923706055,16.860000610351562,17.079999923706055,17.079999923706055,208900
17.1299991607666,18.459999084472656,17.1299991607666,18.31999969482422,18.31999969482422,248800
18.489999771118164,18.75,18.200000762939453,18.420000076293945,18.420000076293945,148500
18.200000762939453,18.709999084472656,18.200000762939453,18.469999313354492,18.469999313354492,169900
18.389999389648438,18.798999786376953,18.389999389648438,18.600000381469727,18.600000381469727,156900
18.25,18.25,16.65999984741211,17.0,17.0,262400
17.389999389648438,17.389999389648438,16.860000610351562,17.06999969482422,17.06999969482422,124000
17.200000762939453,18.249000549316406,16.959999084472656,18.15999984741211,18.15999984741211,191000
18.15999984741211,18.399999618530273,17.600000381469727,17.600000381469727,17.600000381469727,94100
17.260000228881836,17.520000457763672,17.200000762939453,17.350000381469727,17.350000381469727,66000
17.350000381469727,17.350000381469727,16.700000762939453,16.8700008392334,16.8700008392334,92400
17.239999771118164,17.239999771118164,16.700000762939453,17.01799964904785,17.01799964904785,89700
17.40999984741211,17.96500015258789,17.030000686645508,17.030000686645508,17.030000686645508,120300
17.3700008392334,17.63599967956543,17.209999084472656,17.510000228881836,17.510000228881836,80500
17.520000457763672,18.799999237060547,17.520000457763672,18.790000915527344,18.790000915527344,125200
18.700000762939453,19.399999618530273,17.899999618530273,18.65999984741211,18.65999984741211,151300
17.8799991607666,19.3700008392334,17.8799991607666,19.350000381469727,19.350000381469727,166600
19.0,19.0,18.25,18.309999465942383,18.309999465942383,106700
18.690000534057617,18.93000030517578,17.030000686645508,17.360000610351562,17.360000610351562,156600
18.68000030517578,18.850000381469727,18.25,18.420000076293945,18.420000076293945,206900
17.200000762939453,17.8700008392334,16.860000610351562,17.485000610351562,17.485000610351562,118900
17.459999084472656,18.6299991607666,17.149999618530273,18.510000228881836,18.510000228881836,170500
18.399999618530273,18.450000762939453,18.100000381469727,18.399999618530273,18.399999618530273,64800
18.5,19.049999237060547,17.719999313354492,18.579999923706055,18.579999923706055,245700
18.56999969482422,18.56999969482422,16.8700008392334,17.149999618530273,17.149999618530273,310300
16.889999389648438,17.165000915527344,16.719999313354492,17.030000686645508,17.030000686645508,183300
17.700000762939453,18.940000534057617,16.280000686645508,17.469999313354492,17.469999313354492,535500
17.209999084472656,17.260000228881836,15.369999885559082,15.550000190734863,15.550000190734863,312500
15.510000228881836,15.5600004196167,14.520000457763672,15.229999542236328,15.229999542236328,240100
15.0,15.0,14.170000076293945,14.470000267028809,14.470000267028809,101200
14.470000267028809,15.0,13.84000015258789,13.9399995803833,13.9399995803833,112000
13.710000038146973,14.199999809265137,12.899999618530273,14.140000343322754,14.140000343322754,189900
13.890000343322754,13.899999618530273,13.109999656677246,13.109999656677246,13.109999656677246,131000
12.979999542236328,12.979999542236328,12.270000457763672,12.491999626159668,12.491999626159668,132400
12.520000457763672,13.6899995803833,12.510000228881836,13.430000305175781,13.430000305175781,200500
13.680000305175781,13.699999809265137,13.229999542236328,13.59000015258789,13.59000015258789,99600
13.609999656677246,14.609999656677246,13.609999656677246,14.300000190734863,14.300000190734863,136000
14.260000228881836,14.710000038146973,14.25,14.40999984741211,14.40999984741211,123200
14.359999656677246,14.600000381469727,14.3100004196167,14.350000381469727,14.350000381469727,80200
14.289999961853027,14.350000381469727,13.989999771118164,14.005999565124512,14.005999565124512,59900
13.850000381469727,14.109999656677246,13.760000228881836,13.899999618530273,13.899999618530273,108400
13.609999656677246,14.010000228881836,13.510000228881836,13.694999694824219,13.694999694824219,108800
13.729999542236328,14.079999923706055,13.600000381469727,13.710000038146973,13.710000038146973,104000
13.710000038146973,14.020000457763672,13.710000038146973,13.939000129699707,13.939000129699707,71400
13.949999809265137,14.489999771118164,13.850000381469727,14.40999984741211,14.40999984741211,80100
14.399999618530273,15.5,14.399999618530273,15.460000038146973,15.460000038146973,107500
16.100000381469727,16.209999084472656,15.600000381469727,16.18000030517578,16.18000030517578,109100
16.059999465942383,16.780000686645508,15.859999656677246,16.43000030517578,16.43000030517578,150800
16.399999618530273,16.399999618530273,15.279999732971191,15.699999809265137,15.699999809265137,174300
15.970000267028809,16.649999618530273,15.90999984741211,16.530000686645508,16.530000686645508,141600
16.850000381469727,16.950000762939453,16.010000228881836,16.139999389648438,16.139999389648438,100500
16.395000457763672,16.440000534057617,15.739999771118164,15.913999557495117,15.913999557495117,81700
15.970000267028809,16.8700008392334,15.890000343322754,16.799999237060547,16.799999237060547,132200
16.399999618530273,16.549999237060547,16.15999984741211,16.43000030517578,16.43000030517578,40500
16.290000915527344,17.350000381469727,16.270000457763672,17.139999389648438,17.139999389648438,179800
17.030000686645508,17.030000686645508,16.700000762939453,16.799999237060547,16.799999237060547,51400
16.84000015258789,18.600000381469727,16.75,18.489999771118164,18.489999771118164,180100
18.610000610351562,20.350000381469727,18.610000610351562,19.979999542236328,19.979999542236328,286800
20.8799991607666,22.360000610351562,20.549999237060547,20.945999145507812,20.945999145507812,309100
22.600000381469727,22.739999771118164,21.350000381469727,21.920000076293945,21.920000076293945,176800
22.0,22.25,21.5,22.170000076293945,22.170000076293945,96900
22.56999969482422,23.469999313354492,22.56999969482422,23.399999618530273,23.399999618530273,196700
23.260000228881836,24.43000030517578,21.0,21.899999618530273,21.899999618530273,265300
23.549999237060547,24.06999969482422,23.170000076293945,23.948999404907227,23.948999404907227,167600
24.0,25.149999618530273,23.829999923706055,25.0,25.0,200900
25.399999618530273,26.389999389648438,25.010000228881836,26.149999618530273,26.149999618530273,178900
26.670000076293945,27.489999771118164,25.040000915527344,25.18000030517578,25.18000030517578,346800
25.5,25.670000076293945,23.780000686645508,25.183000564575195,25.183000564575195,176400
25.3700008392334,25.729999542236328,25.200000762939453,25.5,25.5,88700
24.809999465942383,25.0,23.309999465942383,23.360000610351562,23.360000610351562,185600
23.0,23.58799934387207,22.209999084472656,23.09000015258789,23.09000015258789,103600
23.229999542236328,23.229999542236328,21.579999923706055,21.8799991607666,21.8799991607666,189800
20.735000610351562,21.524999618530273,20.059999465942383,21.25,21.25,214300
21.06999969482422,22.350000381469727,20.889999389648438,22.329999923706055,22.329999923706055,158500
22.799999237060547,23.149999618530273,22.329999923706055,22.329999923706055,22.329999923706055,85100
22.5,22.5,21.549999237060547,21.885000228881836,21.885000228881836,44500
22.06999969482422,24.59000015258789,22.06999969482422,24.44099998474121,24.44099998474121,129600
24.281999588012695,24.549999237060547,23.650999069213867,23.889999389648438,23.889999389648438,82300
23.920000076293945,24.81999969482422,22.760000228881836,23.31999969482422,23.31999969482422,119300
23.010000228881836,24.18000030517578,23.010000228881836,23.719999313354492,23.719999313354492,114000
23.079999923706055,23.709999084472656,22.239999771118164,22.399999618530273,22.399999618530273,141500
21.0,21.440000534057617,20.200000762939453,20.389999389648438,20.389999389648438,463600
20.739999771118164,22.399999618530273,20.469999313354492,20.867000579833984,20.867000579833984,171900
21.270000457763672,22.649999618530273,21.270000457763672,21.8700008392334,21.8700008392334,147000
21.770000457763672,21.959999084472656,21.059999465942383,21.600000381469727,21.600000381469727,61000
23.010000228881836,23.450000762939453,22.780000686645508,23.420000076293945,23.420000076293945,57900
23.200000762939453,23.260000228881836,22.239999771118164,22.8799991607666,22.8799991607666,55400
23.18000030517578,23.18000030517578,21.989999771118164,22.93000030517578,22.93000030517578,41000
23.100000381469727,23.149999618530273,22.780000686645508,23.100000381469727,23.100000381469727,25800
22.530000686645508,22.97800064086914,21.5,21.65999984741211,21.65999984741211,61800
21.969999313354492,21.969999313354492,21.059999465942383,21.174999237060547,21.174999237060547,91600
21.229999542236328,21.25,20.760000228881836,21.139999389648438,21.139999389648438,139900
21.100000381469727,21.31999969482422,20.110000610351562,20.614999771118164,20.614999771118164,73940
